accession,host_group,anomaly_type,method,auc,precision_at_4,anomaly_indices,donor_group,donor_accession,donor_window_indices
GCF_021459925.1,grapevine,clustered_substitution,composition,1.0,1.0,13;16;22;29,,,
GCF_021459925.1,grapevine,clustered_substitution,triplet_distribution,1.0,1.0,13;16;22;29,,,
GCF_021459925.1,grapevine,clustered_substitution,pitch_order,1.0,1.0,13;16;22;29,,,
GCF_021459925.1,grapevine,clustered_substitution,triplet_transition,1.0,1.0,13;16;22;29,,,
GCF_021459925.1,grapevine,clustered_substitution,sixmer,1.0,1.0,13;16;22;29,,,
GCF_021459925.1,grapevine,clustered_substitution,compression,1.0,1.0,13;16;22;29,,,
GCF_021459925.1,grapevine,triplet_order_shuffle,composition,0.5,0.0,13;16;22;29,,,
GCF_021459925.1,grapevine,triplet_order_shuffle,triplet_distribution,0.5,0.0,13;16;22;29,,,
GCF_021459925.1,grapevine,triplet_order_shuffle,pitch_order,1.0,1.0,13;16;22;29,,,
GCF_021459925.1,grapevine,triplet_order_shuffle,triplet_transition,1.0,1.0,13;16;22;29,,,
GCF_021459925.1,grapevine,triplet_order_shuffle,sixmer,1.0,1.0,13;16;22;29,,,
GCF_021459925.1,grapevine,triplet_order_shuffle,compression,1.0,1.0,13;16;22;29,,,
GCF_021459925.1,grapevine,foreign_segment,composition,1.0,1.0,13;16;22;29,coffee,GCF_053901285.1,13:25;16:49;22:51;29:4
GCF_021459925.1,grapevine,foreign_segment,triplet_distribution,1.0,1.0,13;16;22;29,coffee,GCF_053901285.1,13:25;16:49;22:51;29:4
GCF_021459925.1,grapevine,foreign_segment,pitch_order,1.0,1.0,13;16;22;29,coffee,GCF_053901285.1,13:25;16:49;22:51;29:4
GCF_021459925.1,grapevine,foreign_segment,triplet_transition,1.0,1.0,13;16;22;29,coffee,GCF_053901285.1,13:25;16:49;22:51;29:4
GCF_021459925.1,grapevine,foreign_segment,sixmer,1.0,1.0,13;16;22;29,coffee,GCF_053901285.1,13:25;16:49;22:51;29:4
GCF_021459925.1,grapevine,foreign_segment,compression,1.0,1.0,13;16;22;29,coffee,GCF_053901285.1,13:25;16:49;22:51;29:4
GCF_028227635.1,grapevine,clustered_substitution,composition,1.0,1.0,9;12;36;39,,,
GCF_028227635.1,grapevine,clustered_substitution,triplet_distribution,1.0,1.0,9;12;36;39,,,
GCF_028227635.1,grapevine,clustered_substitution,pitch_order,1.0,1.0,9;12;36;39,,,
GCF_028227635.1,grapevine,clustered_substitution,triplet_transition,1.0,1.0,9;12;36;39,,,
GCF_028227635.1,grapevine,clustered_substitution,sixmer,1.0,1.0,9;12;36;39,,,
GCF_028227635.1,grapevine,clustered_substitution,compression,1.0,1.0,9;12;36;39,,,
GCF_028227635.1,grapevine,triplet_order_shuffle,composition,0.48660714285714285,0.0,9;12;36;39,,,
GCF_028227635.1,grapevine,triplet_order_shuffle,triplet_distribution,0.48660714285714285,0.0,9;12;36;39,,,
GCF_028227635.1,grapevine,triplet_order_shuffle,pitch_order,1.0,1.0,9;12;36;39,,,
GCF_028227635.1,grapevine,triplet_order_shuffle,triplet_transition,1.0,1.0,9;12;36;39,,,
GCF_028227635.1,grapevine,triplet_order_shuffle,sixmer,1.0,1.0,9;12;36;39,,,
GCF_028227635.1,grapevine,triplet_order_shuffle,compression,1.0,1.0,9;12;36;39,,,
GCF_028227635.1,grapevine,foreign_segment,composition,1.0,1.0,9;12;36;39,olive,GCF_012974105.1,9:29;12:3;36:45;39:25
GCF_028227635.1,grapevine,foreign_segment,triplet_distribution,1.0,1.0,9;12;36;39,olive,GCF_012974105.1,9:29;12:3;36:45;39:25
GCF_028227635.1,grapevine,foreign_segment,pitch_order,1.0,1.0,9;12;36;39,olive,GCF_012974105.1,9:29;12:3;36:45;39:25
GCF_028227635.1,grapevine,foreign_segment,triplet_transition,1.0,1.0,9;12;36;39,olive,GCF_012974105.1,9:29;12:3;36:45;39:25
GCF_028227635.1,grapevine,foreign_segment,sixmer,1.0,1.0,9;12;36;39,olive,GCF_012974105.1,9:29;12:3;36:45;39:25
GCF_028227635.1,grapevine,foreign_segment,compression,1.0,1.0,9;12;36;39,olive,GCF_012974105.1,9:29;12:3;36:45;39:25
GCF_014249995.1,grapevine,clustered_substitution,composition,1.0,1.0,23;40;51;54,,,
GCF_014249995.1,grapevine,clustered_substitution,triplet_distribution,1.0,1.0,23;40;51;54,,,
GCF_014249995.1,grapevine,clustered_substitution,pitch_order,1.0,1.0,23;40;51;54,,,
GCF_014249995.1,grapevine,clustered_substitution,triplet_transition,1.0,1.0,23;40;51;54,,,
GCF_014249995.1,grapevine,clustered_substitution,sixmer,1.0,1.0,23;40;51;54,,,
GCF_014249995.1,grapevine,clustered_substitution,compression,1.0,1.0,23;40;51;54,,,
GCF_014249995.1,grapevine,triplet_order_shuffle,composition,0.29910714285714285,0.0,23;40;51;54,,,
GCF_014249995.1,grapevine,triplet_order_shuffle,triplet_distribution,0.30357142857142855,0.0,23;40;51;54,,,
GCF_014249995.1,grapevine,triplet_order_shuffle,pitch_order,1.0,1.0,23;40;51;54,,,
GCF_014249995.1,grapevine,triplet_order_shuffle,triplet_transition,1.0,1.0,23;40;51;54,,,
GCF_014249995.1,grapevine,triplet_order_shuffle,sixmer,1.0,1.0,23;40;51;54,,,
GCF_014249995.1,grapevine,triplet_order_shuffle,compression,1.0,1.0,23;40;51;54,,,
GCF_014249995.1,grapevine,foreign_segment,composition,1.0,1.0,23;40;51;54,coffee,GCF_048564955.1,23:9;40:34;51:13;54:37
GCF_014249995.1,grapevine,foreign_segment,triplet_distribution,1.0,1.0,23;40;51;54,coffee,GCF_048564955.1,23:9;40:34;51:13;54:37
GCF_014249995.1,grapevine,foreign_segment,pitch_order,1.0,1.0,23;40;51;54,coffee,GCF_048564955.1,23:9;40:34;51:13;54:37
GCF_014249995.1,grapevine,foreign_segment,triplet_transition,1.0,1.0,23;40;51;54,coffee,GCF_048564955.1,23:9;40:34;51:13;54:37
GCF_014249995.1,grapevine,foreign_segment,sixmer,1.0,1.0,23;40;51;54,coffee,GCF_048564955.1,23:9;40:34;51:13;54:37
GCF_014249995.1,grapevine,foreign_segment,compression,1.0,1.0,23;40;51;54,coffee,GCF_048564955.1,23:9;40:34;51:13;54:37
GCF_028227275.1,grapevine,clustered_substitution,composition,1.0,1.0,14;39;49;51,,,
GCF_028227275.1,grapevine,clustered_substitution,triplet_distribution,1.0,1.0,14;39;49;51,,,
GCF_028227275.1,grapevine,clustered_substitution,pitch_order,1.0,1.0,14;39;49;51,,,
GCF_028227275.1,grapevine,clustered_substitution,triplet_transition,1.0,1.0,14;39;49;51,,,
GCF_028227275.1,grapevine,clustered_substitution,sixmer,1.0,1.0,14;39;49;51,,,
GCF_028227275.1,grapevine,clustered_substitution,compression,1.0,1.0,14;39;49;51,,,
GCF_028227275.1,grapevine,triplet_order_shuffle,composition,0.45089285714285715,0.0,14;39;49;51,,,
GCF_028227275.1,grapevine,triplet_order_shuffle,triplet_distribution,0.45089285714285715,0.0,14;39;49;51,,,
GCF_028227275.1,grapevine,triplet_order_shuffle,pitch_order,1.0,1.0,14;39;49;51,,,
GCF_028227275.1,grapevine,triplet_order_shuffle,triplet_transition,1.0,1.0,14;39;49;51,,,
GCF_028227275.1,grapevine,triplet_order_shuffle,sixmer,1.0,1.0,14;39;49;51,,,
GCF_028227275.1,grapevine,triplet_order_shuffle,compression,1.0,1.0,14;39;49;51,,,
GCF_028227275.1,grapevine,foreign_segment,composition,1.0,1.0,14;39;49;51,other_prunus,GCF_015475955.1,14:3;39:25;49:50;51:35
GCF_028227275.1,grapevine,foreign_segment,triplet_distribution,1.0,1.0,14;39;49;51,other_prunus,GCF_015475955.1,14:3;39:25;49:50;51:35
GCF_028227275.1,grapevine,foreign_segment,pitch_order,1.0,1.0,14;39;49;51,other_prunus,GCF_015475955.1,14:3;39:25;49:50;51:35
GCF_028227275.1,grapevine,foreign_segment,triplet_transition,1.0,1.0,14;39;49;51,other_prunus,GCF_015475955.1,14:3;39:25;49:50;51:35
GCF_028227275.1,grapevine,foreign_segment,sixmer,1.0,1.0,14;39;49;51,other_prunus,GCF_015475955.1,14:3;39:25;49:50;51:35
GCF_028227275.1,grapevine,foreign_segment,compression,1.0,1.0,14;39;49;51,other_prunus,GCF_015475955.1,14:3;39:25;49:50;51:35
GCF_055766035.1,grapevine,clustered_substitution,composition,1.0,1.0,15;39;41;46,,,
GCF_055766035.1,grapevine,clustered_substitution,triplet_distribution,1.0,1.0,15;39;41;46,,,
GCF_055766035.1,grapevine,clustered_substitution,pitch_order,1.0,1.0,15;39;41;46,,,
GCF_055766035.1,grapevine,clustered_substitution,triplet_transition,1.0,1.0,15;39;41;46,,,
GCF_055766035.1,grapevine,clustered_substitution,sixmer,1.0,1.0,15;39;41;46,,,
GCF_055766035.1,grapevine,clustered_substitution,compression,1.0,1.0,15;39;41;46,,,
GCF_055766035.1,grapevine,triplet_order_shuffle,composition,0.39732142857142855,0.0,15;39;41;46,,,
GCF_055766035.1,grapevine,triplet_order_shuffle,triplet_distribution,0.39285714285714285,0.0,15;39;41;46,,,
GCF_055766035.1,grapevine,triplet_order_shuffle,pitch_order,1.0,1.0,15;39;41;46,,,
GCF_055766035.1,grapevine,triplet_order_shuffle,triplet_transition,1.0,1.0,15;39;41;46,,,
GCF_055766035.1,grapevine,triplet_order_shuffle,sixmer,1.0,1.0,15;39;41;46,,,
GCF_055766035.1,grapevine,triplet_order_shuffle,compression,1.0,1.0,15;39;41;46,,,
GCF_055766035.1,grapevine,foreign_segment,composition,1.0,1.0,15;39;41;46,coffee,GCF_032594455.1,15:42;39:32;41:40;46:39
GCF_055766035.1,grapevine,foreign_segment,triplet_distribution,1.0,1.0,15;39;41;46,coffee,GCF_032594455.1,15:42;39:32;41:40;46:39
GCF_055766035.1,grapevine,foreign_segment,pitch_order,1.0,1.0,15;39;41;46,coffee,GCF_032594455.1,15:42;39:32;41:40;46:39
GCF_055766035.1,grapevine,foreign_segment,triplet_transition,1.0,1.0,15;39;41;46,coffee,GCF_032594455.1,15:42;39:32;41:40;46:39
GCF_055766035.1,grapevine,foreign_segment,sixmer,1.0,1.0,15;39;41;46,coffee,GCF_032594455.1,15:42;39:32;41:40;46:39
GCF_055766035.1,grapevine,foreign_segment,compression,1.0,1.0,15;39;41;46,coffee,GCF_032594455.1,15:42;39:32;41:40;46:39
GCF_011801475.1,grapevine,clustered_substitution,composition,1.0,1.0,10;17;19;29,,,
GCF_011801475.1,grapevine,clustered_substitution,triplet_distribution,1.0,1.0,10;17;19;29,,,
GCF_011801475.1,grapevine,clustered_substitution,pitch_order,1.0,1.0,10;17;19;29,,,
GCF_011801475.1,grapevine,clustered_substitution,triplet_transition,1.0,1.0,10;17;19;29,,,
GCF_011801475.1,grapevine,clustered_substitution,sixmer,1.0,1.0,10;17;19;29,,,
GCF_011801475.1,grapevine,clustered_substitution,compression,1.0,1.0,10;17;19;29,,,
GCF_011801475.1,grapevine,triplet_order_shuffle,composition,0.4330357142857143,0.25,10;17;19;29,,,
GCF_011801475.1,grapevine,triplet_order_shuffle,triplet_distribution,0.4330357142857143,0.25,10;17;19;29,,,
GCF_011801475.1,grapevine,triplet_order_shuffle,pitch_order,1.0,1.0,10;17;19;29,,,
GCF_011801475.1,grapevine,triplet_order_shuffle,triplet_transition,1.0,1.0,10;17;19;29,,,
GCF_011801475.1,grapevine,triplet_order_shuffle,sixmer,1.0,1.0,10;17;19;29,,,
GCF_011801475.1,grapevine,triplet_order_shuffle,compression,1.0,1.0,10;17;19;29,,,
GCF_011801475.1,grapevine,foreign_segment,composition,1.0,1.0,10;17;19;29,olive,GCF_012974145.1,10:17;17:59;19:10;29:29
GCF_011801475.1,grapevine,foreign_segment,triplet_distribution,1.0,1.0,10;17;19;29,olive,GCF_012974145.1,10:17;17:59;19:10;29:29
GCF_011801475.1,grapevine,foreign_segment,pitch_order,1.0,1.0,10;17;19;29,olive,GCF_012974145.1,10:17;17:59;19:10;29:29
GCF_011801475.1,grapevine,foreign_segment,triplet_transition,1.0,1.0,10;17;19;29,olive,GCF_012974145.1,10:17;17:59;19:10;29:29
GCF_011801475.1,grapevine,foreign_segment,sixmer,1.0,1.0,10;17;19;29,olive,GCF_012974145.1,10:17;17:59;19:10;29:29
GCF_011801475.1,grapevine,foreign_segment,compression,1.0,1.0,10;17;19;29,olive,GCF_012974145.1,10:17;17:59;19:10;29:29
GCF_004016315.2,grapevine,clustered_substitution,composition,1.0,1.0,5;12;23;46,,,
GCF_004016315.2,grapevine,clustered_substitution,triplet_distribution,1.0,1.0,5;12;23;46,,,
GCF_004016315.2,grapevine,clustered_substitution,pitch_order,1.0,1.0,5;12;23;46,,,
GCF_004016315.2,grapevine,clustered_substitution,triplet_transition,1.0,1.0,5;12;23;46,,,
GCF_004016315.2,grapevine,clustered_substitution,sixmer,1.0,1.0,5;12;23;46,,,
GCF_004016315.2,grapevine,clustered_substitution,compression,1.0,1.0,5;12;23;46,,,
GCF_004016315.2,grapevine,triplet_order_shuffle,composition,0.39285714285714285,0.0,5;12;23;46,,,
GCF_004016315.2,grapevine,triplet_order_shuffle,triplet_distribution,0.39732142857142855,0.0,5;12;23;46,,,
GCF_004016315.2,grapevine,triplet_order_shuffle,pitch_order,1.0,1.0,5;12;23;46,,,
GCF_004016315.2,grapevine,triplet_order_shuffle,triplet_transition,1.0,1.0,5;12;23;46,,,
GCF_004016315.2,grapevine,triplet_order_shuffle,sixmer,1.0,1.0,5;12;23;46,,,
GCF_004016315.2,grapevine,triplet_order_shuffle,compression,1.0,1.0,5;12;23;46,,,
GCF_004016315.2,grapevine,foreign_segment,composition,1.0,1.0,5;12;23;46,other_prunus,GCF_055690575.1,5:15;12:50;23:6;46:42
GCF_004016315.2,grapevine,foreign_segment,triplet_distribution,1.0,1.0,5;12;23;46,other_prunus,GCF_055690575.1,5:15;12:50;23:6;46:42
GCF_004016315.2,grapevine,foreign_segment,pitch_order,1.0,1.0,5;12;23;46,other_prunus,GCF_055690575.1,5:15;12:50;23:6;46:42
GCF_004016315.2,grapevine,foreign_segment,triplet_transition,1.0,1.0,5;12;23;46,other_prunus,GCF_055690575.1,5:15;12:50;23:6;46:42
GCF_004016315.2,grapevine,foreign_segment,sixmer,1.0,1.0,5;12;23;46,other_prunus,GCF_055690575.1,5:15;12:50;23:6;46:42
GCF_004016315.2,grapevine,foreign_segment,compression,1.0,1.0,5;12;23;46,other_prunus,GCF_055690575.1,5:15;12:50;23:6;46:42
GCF_028891345.1,grapevine,clustered_substitution,composition,1.0,1.0,5;25;31;51,,,
GCF_028891345.1,grapevine,clustered_substitution,triplet_distribution,1.0,1.0,5;25;31;51,,,
GCF_028891345.1,grapevine,clustered_substitution,pitch_order,1.0,1.0,5;25;31;51,,,
GCF_028891345.1,grapevine,clustered_substitution,triplet_transition,1.0,1.0,5;25;31;51,,,
GCF_028891345.1,grapevine,clustered_substitution,sixmer,1.0,1.0,5;25;31;51,,,
GCF_028891345.1,grapevine,clustered_substitution,compression,1.0,1.0,5;25;31;51,,,
GCF_028891345.1,grapevine,triplet_order_shuffle,composition,0.5803571428571429,0.0,5;25;31;51,,,
GCF_028891345.1,grapevine,triplet_order_shuffle,triplet_distribution,0.5803571428571429,0.0,5;25;31;51,,,
GCF_028891345.1,grapevine,triplet_order_shuffle,pitch_order,1.0,1.0,5;25;31;51,,,
GCF_028891345.1,grapevine,triplet_order_shuffle,triplet_transition,1.0,1.0,5;25;31;51,,,
GCF_028891345.1,grapevine,triplet_order_shuffle,sixmer,1.0,1.0,5;25;31;51,,,
GCF_028891345.1,grapevine,triplet_order_shuffle,compression,1.0,1.0,5;25;31;51,,,
GCF_028891345.1,grapevine,foreign_segment,composition,1.0,1.0,5;25;31;51,almond,GCF_029962045.1,5:50;25:41;31:46;51:15
GCF_028891345.1,grapevine,foreign_segment,triplet_distribution,1.0,1.0,5;25;31;51,almond,GCF_029962045.1,5:50;25:41;31:46;51:15
GCF_028891345.1,grapevine,foreign_segment,pitch_order,1.0,1.0,5;25;31;51,almond,GCF_029962045.1,5:50;25:41;31:46;51:15
GCF_028891345.1,grapevine,foreign_segment,triplet_transition,1.0,1.0,5;25;31;51,almond,GCF_029962045.1,5:50;25:41;31:46;51:15
GCF_028891345.1,grapevine,foreign_segment,sixmer,1.0,1.0,5;25;31;51,almond,GCF_029962045.1,5:50;25:41;31:46;51:15
GCF_028891345.1,grapevine,foreign_segment,compression,1.0,1.0,5;25;31;51,almond,GCF_029962045.1,5:50;25:41;31:46;51:15
GCF_053901445.1,grapevine,clustered_substitution,composition,1.0,1.0,17;23;29;51,,,
GCF_053901445.1,grapevine,clustered_substitution,triplet_distribution,1.0,1.0,17;23;29;51,,,
GCF_053901445.1,grapevine,clustered_substitution,pitch_order,1.0,1.0,17;23;29;51,,,
GCF_053901445.1,grapevine,clustered_substitution,triplet_transition,1.0,1.0,17;23;29;51,,,
GCF_053901445.1,grapevine,clustered_substitution,sixmer,1.0,1.0,17;23;29;51,,,
GCF_053901445.1,grapevine,clustered_substitution,compression,1.0,1.0,17;23;29;51,,,
GCF_053901445.1,grapevine,triplet_order_shuffle,composition,0.44642857142857145,0.0,17;23;29;51,,,
GCF_053901445.1,grapevine,triplet_order_shuffle,triplet_distribution,0.45089285714285715,0.0,17;23;29;51,,,
GCF_053901445.1,grapevine,triplet_order_shuffle,pitch_order,1.0,1.0,17;23;29;51,,,
GCF_053901445.1,grapevine,triplet_order_shuffle,triplet_transition,1.0,1.0,17;23;29;51,,,
GCF_053901445.1,grapevine,triplet_order_shuffle,sixmer,1.0,1.0,17;23;29;51,,,
GCF_053901445.1,grapevine,triplet_order_shuffle,compression,1.0,1.0,17;23;29;51,,,
GCF_053901445.1,grapevine,foreign_segment,composition,1.0,1.0,17;23;29;51,coffee,GCF_001456195.2,17:6;23:19;29:16;51:52
GCF_053901445.1,grapevine,foreign_segment,triplet_distribution,1.0,1.0,17;23;29;51,coffee,GCF_001456195.2,17:6;23:19;29:16;51:52
GCF_053901445.1,grapevine,foreign_segment,pitch_order,1.0,1.0,17;23;29;51,coffee,GCF_001456195.2,17:6;23:19;29:16;51:52
GCF_053901445.1,grapevine,foreign_segment,triplet_transition,1.0,1.0,17;23;29;51,coffee,GCF_001456195.2,17:6;23:19;29:16;51:52
GCF_053901445.1,grapevine,foreign_segment,sixmer,1.0,1.0,17;23;29;51,coffee,GCF_001456195.2,17:6;23:19;29:16;51:52
GCF_053901445.1,grapevine,foreign_segment,compression,1.0,1.0,17;23;29;51,coffee,GCF_001456195.2,17:6;23:19;29:16;51:52
GCF_042239055.1,almond,clustered_substitution,composition,1.0,1.0,25;40;44;45,,,
GCF_042239055.1,almond,clustered_substitution,triplet_distribution,1.0,1.0,25;40;44;45,,,
GCF_042239055.1,almond,clustered_substitution,pitch_order,1.0,1.0,25;40;44;45,,,
GCF_042239055.1,almond,clustered_substitution,triplet_transition,1.0,1.0,25;40;44;45,,,
GCF_042239055.1,almond,clustered_substitution,sixmer,1.0,1.0,25;40;44;45,,,
GCF_042239055.1,almond,clustered_substitution,compression,1.0,1.0,25;40;44;45,,,
GCF_042239055.1,almond,triplet_order_shuffle,composition,0.6696428571428571,0.0,25;40;44;45,,,
GCF_042239055.1,almond,triplet_order_shuffle,triplet_distribution,0.65625,0.0,25;40;44;45,,,
GCF_042239055.1,almond,triplet_order_shuffle,pitch_order,1.0,1.0,25;40;44;45,,,
GCF_042239055.1,almond,triplet_order_shuffle,triplet_transition,1.0,1.0,25;40;44;45,,,
GCF_042239055.1,almond,triplet_order_shuffle,sixmer,1.0,1.0,25;40;44;45,,,
GCF_042239055.1,almond,triplet_order_shuffle,compression,1.0,1.0,25;40;44;45,,,
GCF_042239055.1,almond,foreign_segment,composition,1.0,1.0,25;40;44;45,grapevine,GCF_028227635.1,25:57;40:15;44:54;45:57
GCF_042239055.1,almond,foreign_segment,triplet_distribution,1.0,1.0,25;40;44;45,grapevine,GCF_028227635.1,25:57;40:15;44:54;45:57
GCF_042239055.1,almond,foreign_segment,pitch_order,1.0,1.0,25;40;44;45,grapevine,GCF_028227635.1,25:57;40:15;44:54;45:57
GCF_042239055.1,almond,foreign_segment,triplet_transition,1.0,1.0,25;40;44;45,grapevine,GCF_028227635.1,25:57;40:15;44:54;45:57
GCF_042239055.1,almond,foreign_segment,sixmer,1.0,1.0,25;40;44;45,grapevine,GCF_028227635.1,25:57;40:15;44:54;45:57
GCF_042239055.1,almond,foreign_segment,compression,1.0,1.0,25;40;44;45,grapevine,GCF_028227635.1,25:57;40:15;44:54;45:57
GCF_042239545.1,almond,clustered_substitution,composition,1.0,1.0,18;30;42;49,,,
GCF_042239545.1,almond,clustered_substitution,triplet_distribution,1.0,1.0,18;30;42;49,,,
GCF_042239545.1,almond,clustered_substitution,pitch_order,1.0,1.0,18;30;42;49,,,
GCF_042239545.1,almond,clustered_substitution,triplet_transition,1.0,1.0,18;30;42;49,,,
GCF_042239545.1,almond,clustered_substitution,sixmer,1.0,1.0,18;30;42;49,,,
GCF_042239545.1,almond,clustered_substitution,compression,1.0,1.0,18;30;42;49,,,
GCF_042239545.1,almond,triplet_order_shuffle,composition,0.5669642857142857,0.25,18;30;42;49,,,
GCF_042239545.1,almond,triplet_order_shuffle,triplet_distribution,0.5669642857142857,0.25,18;30;42;49,,,
GCF_042239545.1,almond,triplet_order_shuffle,pitch_order,1.0,1.0,18;30;42;49,,,
GCF_042239545.1,almond,triplet_order_shuffle,triplet_transition,1.0,1.0,18;30;42;49,,,
GCF_042239545.1,almond,triplet_order_shuffle,sixmer,1.0,1.0,18;30;42;49,,,
GCF_042239545.1,almond,triplet_order_shuffle,compression,1.0,1.0,18;30;42;49,,,
GCF_042239545.1,almond,foreign_segment,composition,1.0,1.0,18;30;42;49,grapevine,GCF_028227635.1,18:58;30:40;42:55;49:53
GCF_042239545.1,almond,foreign_segment,triplet_distribution,1.0,1.0,18;30;42;49,grapevine,GCF_028227635.1,18:58;30:40;42:55;49:53
GCF_042239545.1,almond,foreign_segment,pitch_order,1.0,1.0,18;30;42;49,grapevine,GCF_028227635.1,18:58;30:40;42:55;49:53
GCF_042239545.1,almond,foreign_segment,triplet_transition,1.0,1.0,18;30;42;49,grapevine,GCF_028227635.1,18:58;30:40;42:55;49:53
GCF_042239545.1,almond,foreign_segment,sixmer,1.0,1.0,18;30;42;49,grapevine,GCF_028227635.1,18:58;30:40;42:55;49:53
GCF_042239545.1,almond,foreign_segment,compression,1.0,1.0,18;30;42;49,grapevine,GCF_028227635.1,18:58;30:40;42:55;49:53
GCF_029962045.1,almond,clustered_substitution,composition,1.0,1.0,21;33;38;42,,,
GCF_029962045.1,almond,clustered_substitution,triplet_distribution,1.0,1.0,21;33;38;42,,,
GCF_029962045.1,almond,clustered_substitution,pitch_order,1.0,1.0,21;33;38;42,,,
GCF_029962045.1,almond,clustered_substitution,triplet_transition,1.0,1.0,21;33;38;42,,,
GCF_029962045.1,almond,clustered_substitution,sixmer,1.0,1.0,21;33;38;42,,,
GCF_029962045.1,almond,clustered_substitution,compression,1.0,1.0,21;33;38;42,,,
GCF_029962045.1,almond,triplet_order_shuffle,composition,0.7053571428571429,0.0,21;33;38;42,,,
GCF_029962045.1,almond,triplet_order_shuffle,triplet_distribution,0.7053571428571429,0.0,21;33;38;42,,,
GCF_029962045.1,almond,triplet_order_shuffle,pitch_order,1.0,1.0,21;33;38;42,,,
GCF_029962045.1,almond,triplet_order_shuffle,triplet_transition,1.0,1.0,21;33;38;42,,,
GCF_029962045.1,almond,triplet_order_shuffle,sixmer,1.0,1.0,21;33;38;42,,,
GCF_029962045.1,almond,triplet_order_shuffle,compression,1.0,1.0,21;33;38;42,,,
GCF_029962045.1,almond,foreign_segment,composition,1.0,1.0,21;33;38;42,olive,GCF_042238405.1,21:53;33:24;38:44;42:37
GCF_029962045.1,almond,foreign_segment,triplet_distribution,1.0,1.0,21;33;38;42,olive,GCF_042238405.1,21:53;33:24;38:44;42:37
GCF_029962045.1,almond,foreign_segment,pitch_order,1.0,1.0,21;33;38;42,olive,GCF_042238405.1,21:53;33:24;38:44;42:37
GCF_029962045.1,almond,foreign_segment,triplet_transition,1.0,1.0,21;33;38;42,olive,GCF_042238405.1,21:53;33:24;38:44;42:37
GCF_029962045.1,almond,foreign_segment,sixmer,1.0,1.0,21;33;38;42,olive,GCF_042238405.1,21:53;33:24;38:44;42:37
GCF_029962045.1,almond,foreign_segment,compression,1.0,1.0,21;33;38;42,olive,GCF_042238405.1,21:53;33:24;38:44;42:37
GCF_055959565.1,almond,clustered_substitution,composition,1.0,1.0,13;23;40;52,,,
GCF_055959565.1,almond,clustered_substitution,triplet_distribution,1.0,1.0,13;23;40;52,,,
GCF_055959565.1,almond,clustered_substitution,pitch_order,1.0,1.0,13;23;40;52,,,
GCF_055959565.1,almond,clustered_substitution,triplet_transition,1.0,1.0,13;23;40;52,,,
GCF_055959565.1,almond,clustered_substitution,sixmer,1.0,1.0,13;23;40;52,,,
GCF_055959565.1,almond,clustered_substitution,compression,1.0,1.0,13;23;40;52,,,
GCF_055959565.1,almond,triplet_order_shuffle,composition,0.5669642857142857,0.0,13;23;40;52,,,
GCF_055959565.1,almond,triplet_order_shuffle,triplet_distribution,0.5580357142857143,0.0,13;23;40;52,,,
GCF_055959565.1,almond,triplet_order_shuffle,pitch_order,1.0,1.0,13;23;40;52,,,
GCF_055959565.1,almond,triplet_order_shuffle,triplet_transition,1.0,1.0,13;23;40;52,,,
GCF_055959565.1,almond,triplet_order_shuffle,sixmer,1.0,1.0,13;23;40;52,,,
GCF_055959565.1,almond,triplet_order_shuffle,compression,1.0,1.0,13;23;40;52,,,
GCF_055959565.1,almond,foreign_segment,composition,1.0,1.0,13;23;40;52,grapevine,GCF_021459925.1,13:3;23:10;40:50;52:18
GCF_055959565.1,almond,foreign_segment,triplet_distribution,1.0,1.0,13;23;40;52,grapevine,GCF_021459925.1,13:3;23:10;40:50;52:18
GCF_055959565.1,almond,foreign_segment,pitch_order,1.0,1.0,13;23;40;52,grapevine,GCF_021459925.1,13:3;23:10;40:50;52:18
GCF_055959565.1,almond,foreign_segment,triplet_transition,1.0,1.0,13;23;40;52,grapevine,GCF_021459925.1,13:3;23:10;40:50;52:18
GCF_055959565.1,almond,foreign_segment,sixmer,1.0,1.0,13;23;40;52,grapevine,GCF_021459925.1,13:3;23:10;40:50;52:18
GCF_055959565.1,almond,foreign_segment,compression,1.0,1.0,13;23;40;52,grapevine,GCF_021459925.1,13:3;23:10;40:50;52:18
GCF_055959275.1,almond,clustered_substitution,composition,1.0,1.0,6;28;37;40,,,
GCF_055959275.1,almond,clustered_substitution,triplet_distribution,1.0,1.0,6;28;37;40,,,
GCF_055959275.1,almond,clustered_substitution,pitch_order,1.0,1.0,6;28;37;40,,,
GCF_055959275.1,almond,clustered_substitution,triplet_transition,1.0,1.0,6;28;37;40,,,
GCF_055959275.1,almond,clustered_substitution,sixmer,1.0,1.0,6;28;37;40,,,
GCF_055959275.1,almond,clustered_substitution,compression,1.0,1.0,6;28;37;40,,,
GCF_055959275.1,almond,triplet_order_shuffle,composition,0.3169642857142857,0.0,6;28;37;40,,,
GCF_055959275.1,almond,triplet_order_shuffle,triplet_distribution,0.32142857142857145,0.0,6;28;37;40,,,
GCF_055959275.1,almond,triplet_order_shuffle,pitch_order,1.0,1.0,6;28;37;40,,,
GCF_055959275.1,almond,triplet_order_shuffle,triplet_transition,1.0,1.0,6;28;37;40,,,
GCF_055959275.1,almond,triplet_order_shuffle,sixmer,1.0,1.0,6;28;37;40,,,
GCF_055959275.1,almond,triplet_order_shuffle,compression,1.0,1.0,6;28;37;40,,,
GCF_055959275.1,almond,foreign_segment,composition,1.0,1.0,6;28;37;40,grapevine,GCF_055766035.1,6:44;28:26;37:43;40:18
GCF_055959275.1,almond,foreign_segment,triplet_distribution,1.0,1.0,6;28;37;40,grapevine,GCF_055766035.1,6:44;28:26;37:43;40:18
GCF_055959275.1,almond,foreign_segment,pitch_order,1.0,1.0,6;28;37;40,grapevine,GCF_055766035.1,6:44;28:26;37:43;40:18
GCF_055959275.1,almond,foreign_segment,triplet_transition,1.0,1.0,6;28;37;40,grapevine,GCF_055766035.1,6:44;28:26;37:43;40:18
GCF_055959275.1,almond,foreign_segment,sixmer,1.0,1.0,6;28;37;40,grapevine,GCF_055766035.1,6:44;28:26;37:43;40:18
GCF_055959275.1,almond,foreign_segment,compression,1.0,1.0,6;28;37;40,grapevine,GCF_055766035.1,6:44;28:26;37:43;40:18
GCF_055959555.1,almond,clustered_substitution,composition,1.0,1.0,15;46;48;49,,,
GCF_055959555.1,almond,clustered_substitution,triplet_distribution,1.0,1.0,15;46;48;49,,,
GCF_055959555.1,almond,clustered_substitution,pitch_order,1.0,1.0,15;46;48;49,,,
GCF_055959555.1,almond,clustered_substitution,triplet_transition,1.0,1.0,15;46;48;49,,,
GCF_055959555.1,almond,clustered_substitution,sixmer,1.0,1.0,15;46;48;49,,,
GCF_055959555.1,almond,clustered_substitution,compression,1.0,1.0,15;46;48;49,,,
GCF_055959555.1,almond,triplet_order_shuffle,composition,0.7723214285714286,0.25,15;46;48;49,,,
GCF_055959555.1,almond,triplet_order_shuffle,triplet_distribution,0.7723214285714286,0.25,15;46;48;49,,,
GCF_055959555.1,almond,triplet_order_shuffle,pitch_order,1.0,1.0,15;46;48;49,,,
GCF_055959555.1,almond,triplet_order_shuffle,triplet_transition,1.0,1.0,15;46;48;49,,,
GCF_055959555.1,almond,triplet_order_shuffle,sixmer,1.0,1.0,15;46;48;49,,,
GCF_055959555.1,almond,triplet_order_shuffle,compression,1.0,1.0,15;46;48;49,,,
GCF_055959555.1,almond,foreign_segment,composition,1.0,1.0,15;46;48;49,grapevine,GCF_021459925.1,15:31;46:7;48:56;49:24
GCF_055959555.1,almond,foreign_segment,triplet_distribution,1.0,1.0,15;46;48;49,grapevine,GCF_021459925.1,15:31;46:7;48:56;49:24
GCF_055959555.1,almond,foreign_segment,pitch_order,1.0,1.0,15;46;48;49,grapevine,GCF_021459925.1,15:31;46:7;48:56;49:24
GCF_055959555.1,almond,foreign_segment,triplet_transition,1.0,1.0,15;46;48;49,grapevine,GCF_021459925.1,15:31;46:7;48:56;49:24
GCF_055959555.1,almond,foreign_segment,sixmer,1.0,1.0,15;46;48;49,grapevine,GCF_021459925.1,15:31;46:7;48:56;49:24
GCF_055959555.1,almond,foreign_segment,compression,1.0,1.0,15;46;48;49,grapevine,GCF_021459925.1,15:31;46:7;48:56;49:24
GCF_029962025.1,almond,clustered_substitution,composition,1.0,1.0,7;23;41;53,,,
GCF_029962025.1,almond,clustered_substitution,triplet_distribution,1.0,1.0,7;23;41;53,,,
GCF_029962025.1,almond,clustered_substitution,pitch_order,1.0,1.0,7;23;41;53,,,
GCF_029962025.1,almond,clustered_substitution,triplet_transition,1.0,1.0,7;23;41;53,,,
GCF_029962025.1,almond,clustered_substitution,sixmer,1.0,1.0,7;23;41;53,,,
GCF_029962025.1,almond,clustered_substitution,compression,1.0,1.0,7;23;41;53,,,
GCF_029962025.1,almond,triplet_order_shuffle,composition,0.48214285714285715,0.25,7;23;41;53,,,
GCF_029962025.1,almond,triplet_order_shuffle,triplet_distribution,0.48214285714285715,0.25,7;23;41;53,,,
GCF_029962025.1,almond,triplet_order_shuffle,pitch_order,1.0,1.0,7;23;41;53,,,
GCF_029962025.1,almond,triplet_order_shuffle,triplet_transition,1.0,1.0,7;23;41;53,,,
GCF_029962025.1,almond,triplet_order_shuffle,sixmer,1.0,1.0,7;23;41;53,,,
GCF_029962025.1,almond,triplet_order_shuffle,compression,1.0,1.0,7;23;41;53,,,
GCF_029962025.1,almond,foreign_segment,composition,1.0,1.0,7;23;41;53,olive,GCF_029962065.1,7:3;23:7;41:27;53:9
GCF_029962025.1,almond,foreign_segment,triplet_distribution,1.0,1.0,7;23;41;53,olive,GCF_029962065.1,7:3;23:7;41:27;53:9
GCF_029962025.1,almond,foreign_segment,pitch_order,1.0,1.0,7;23;41;53,olive,GCF_029962065.1,7:3;23:7;41:27;53:9
GCF_029962025.1,almond,foreign_segment,triplet_transition,1.0,1.0,7;23;41;53,olive,GCF_029962065.1,7:3;23:7;41:27;53:9
GCF_029962025.1,almond,foreign_segment,sixmer,1.0,1.0,7;23;41;53,olive,GCF_029962065.1,7:3;23:7;41:27;53:9
GCF_029962025.1,almond,foreign_segment,compression,1.0,1.0,7;23;41;53,olive,GCF_029962065.1,7:3;23:7;41:27;53:9
GCF_004023395.2,almond,clustered_substitution,composition,1.0,1.0,23;32;40;42,,,
GCF_004023395.2,almond,clustered_substitution,triplet_distribution,1.0,1.0,23;32;40;42,,,
GCF_004023395.2,almond,clustered_substitution,pitch_order,1.0,1.0,23;32;40;42,,,
GCF_004023395.2,almond,clustered_substitution,triplet_transition,1.0,1.0,23;32;40;42,,,
GCF_004023395.2,almond,clustered_substitution,sixmer,1.0,1.0,23;32;40;42,,,
GCF_004023395.2,almond,clustered_substitution,compression,1.0,1.0,23;32;40;42,,,
GCF_004023395.2,almond,triplet_order_shuffle,composition,0.5714285714285714,0.0,23;32;40;42,,,
GCF_004023395.2,almond,triplet_order_shuffle,triplet_distribution,0.5714285714285714,0.0,23;32;40;42,,,
GCF_004023395.2,almond,triplet_order_shuffle,pitch_order,1.0,1.0,23;32;40;42,,,
GCF_004023395.2,almond,triplet_order_shuffle,triplet_transition,1.0,1.0,23;32;40;42,,,
GCF_004023395.2,almond,triplet_order_shuffle,sixmer,1.0,1.0,23;32;40;42,,,
GCF_004023395.2,almond,triplet_order_shuffle,compression,1.0,1.0,23;32;40;42,,,
GCF_004023395.2,almond,foreign_segment,composition,1.0,1.0,23;32;40;42,olive,GCF_012974105.1,23:10;32:42;40:57;42:42
GCF_004023395.2,almond,foreign_segment,triplet_distribution,1.0,1.0,23;32;40;42,olive,GCF_012974105.1,23:10;32:42;40:57;42:42
GCF_004023395.2,almond,foreign_segment,pitch_order,1.0,1.0,23;32;40;42,olive,GCF_012974105.1,23:10;32:42;40:57;42:42
GCF_004023395.2,almond,foreign_segment,triplet_transition,1.0,1.0,23;32;40;42,olive,GCF_012974105.1,23:10;32:42;40:57;42:42
GCF_004023395.2,almond,foreign_segment,sixmer,1.0,1.0,23;32;40;42,olive,GCF_012974105.1,23:10;32:42;40:57;42:42
GCF_004023395.2,almond,foreign_segment,compression,1.0,1.0,23;32;40;42,olive,GCF_012974105.1,23:10;32:42;40:57;42:42
GCF_055764455.1,almond,clustered_substitution,composition,1.0,1.0,7;46;50;51,,,
GCF_055764455.1,almond,clustered_substitution,triplet_distribution,1.0,1.0,7;46;50;51,,,
GCF_055764455.1,almond,clustered_substitution,pitch_order,1.0,1.0,7;46;50;51,,,
GCF_055764455.1,almond,clustered_substitution,triplet_transition,1.0,1.0,7;46;50;51,,,
GCF_055764455.1,almond,clustered_substitution,sixmer,1.0,1.0,7;46;50;51,,,
GCF_055764455.1,almond,clustered_substitution,compression,1.0,1.0,7;46;50;51,,,
GCF_055764455.1,almond,triplet_order_shuffle,composition,0.5892857142857143,0.0,7;46;50;51,,,
GCF_055764455.1,almond,triplet_order_shuffle,triplet_distribution,0.5848214285714286,0.0,7;46;50;51,,,
GCF_055764455.1,almond,triplet_order_shuffle,pitch_order,1.0,1.0,7;46;50;51,,,
GCF_055764455.1,almond,triplet_order_shuffle,triplet_transition,1.0,1.0,7;46;50;51,,,
GCF_055764455.1,almond,triplet_order_shuffle,sixmer,1.0,1.0,7;46;50;51,,,
GCF_055764455.1,almond,triplet_order_shuffle,compression,1.0,1.0,7;46;50;51,,,
GCF_055764455.1,almond,foreign_segment,composition,1.0,1.0,7;46;50;51,olive,GCF_021474225.1,7:35;46:14;50:30;51:11
GCF_055764455.1,almond,foreign_segment,triplet_distribution,1.0,1.0,7;46;50;51,olive,GCF_021474225.1,7:35;46:14;50:30;51:11
GCF_055764455.1,almond,foreign_segment,pitch_order,1.0,1.0,7;46;50;51,olive,GCF_021474225.1,7:35;46:14;50:30;51:11
GCF_055764455.1,almond,foreign_segment,triplet_transition,1.0,1.0,7;46;50;51,olive,GCF_021474225.1,7:35;46:14;50:30;51:11
GCF_055764455.1,almond,foreign_segment,sixmer,1.0,1.0,7;46;50;51,olive,GCF_021474225.1,7:35;46:14;50:30;51:11
GCF_055764455.1,almond,foreign_segment,compression,1.0,1.0,7;46;50;51,olive,GCF_021474225.1,7:35;46:14;50:30;51:11
GCF_050157125.1,almond,clustered_substitution,composition,1.0,1.0,16;23;33;42,,,
GCF_050157125.1,almond,clustered_substitution,triplet_distribution,1.0,1.0,16;23;33;42,,,
GCF_050157125.1,almond,clustered_substitution,pitch_order,1.0,1.0,16;23;33;42,,,
GCF_050157125.1,almond,clustered_substitution,triplet_transition,1.0,1.0,16;23;33;42,,,
GCF_050157125.1,almond,clustered_substitution,sixmer,1.0,1.0,16;23;33;42,,,
GCF_050157125.1,almond,clustered_substitution,compression,1.0,1.0,16;23;33;42,,,
GCF_050157125.1,almond,triplet_order_shuffle,composition,0.59375,0.0,16;23;33;42,,,
GCF_050157125.1,almond,triplet_order_shuffle,triplet_distribution,0.5982142857142857,0.0,16;23;33;42,,,
GCF_050157125.1,almond,triplet_order_shuffle,pitch_order,1.0,1.0,16;23;33;42,,,
GCF_050157125.1,almond,triplet_order_shuffle,triplet_transition,1.0,1.0,16;23;33;42,,,
GCF_050157125.1,almond,triplet_order_shuffle,sixmer,1.0,1.0,16;23;33;42,,,
GCF_050157125.1,almond,triplet_order_shuffle,compression,1.0,1.0,16;23;33;42,,,
GCF_050157125.1,almond,foreign_segment,composition,1.0,1.0,16;23;33;42,coffee,GCF_041053125.1,16:52;23:18;33:8;42:51
GCF_050157125.1,almond,foreign_segment,triplet_distribution,1.0,1.0,16;23;33;42,coffee,GCF_041053125.1,16:52;23:18;33:8;42:51
GCF_050157125.1,almond,foreign_segment,pitch_order,1.0,1.0,16;23;33;42,coffee,GCF_041053125.1,16:52;23:18;33:8;42:51
GCF_050157125.1,almond,foreign_segment,triplet_transition,1.0,1.0,16;23;33;42,coffee,GCF_041053125.1,16:52;23:18;33:8;42:51
GCF_050157125.1,almond,foreign_segment,sixmer,1.0,1.0,16;23;33;42,coffee,GCF_041053125.1,16:52;23:18;33:8;42:51
GCF_050157125.1,almond,foreign_segment,compression,1.0,1.0,16;23;33;42,coffee,GCF_041053125.1,16:52;23:18;33:8;42:51
GCF_042238405.1,olive,clustered_substitution,composition,1.0,1.0,14;16;20;52,,,
GCF_042238405.1,olive,clustered_substitution,triplet_distribution,1.0,1.0,14;16;20;52,,,
GCF_042238405.1,olive,clustered_substitution,pitch_order,1.0,1.0,14;16;20;52,,,
GCF_042238405.1,olive,clustered_substitution,triplet_transition,1.0,1.0,14;16;20;52,,,
GCF_042238405.1,olive,clustered_substitution,sixmer,1.0,1.0,14;16;20;52,,,
GCF_042238405.1,olive,clustered_substitution,compression,1.0,1.0,14;16;20;52,,,
GCF_042238405.1,olive,triplet_order_shuffle,composition,0.3794642857142857,0.0,14;16;20;52,,,
GCF_042238405.1,olive,triplet_order_shuffle,triplet_distribution,0.375,0.0,14;16;20;52,,,
GCF_042238405.1,olive,triplet_order_shuffle,pitch_order,1.0,1.0,14;16;20;52,,,
GCF_042238405.1,olive,triplet_order_shuffle,triplet_transition,1.0,1.0,14;16;20;52,,,
GCF_042238405.1,olive,triplet_order_shuffle,sixmer,1.0,1.0,14;16;20;52,,,
GCF_042238405.1,olive,triplet_order_shuffle,compression,1.0,1.0,14;16;20;52,,,
GCF_042238405.1,olive,foreign_segment,composition,1.0,1.0,14;16;20;52,coffee,GCF_032594455.1,14:3;16:17;20:33;52:8
GCF_042238405.1,olive,foreign_segment,triplet_distribution,1.0,1.0,14;16;20;52,coffee,GCF_032594455.1,14:3;16:17;20:33;52:8
GCF_042238405.1,olive,foreign_segment,pitch_order,1.0,1.0,14;16;20;52,coffee,GCF_032594455.1,14:3;16:17;20:33;52:8
GCF_042238405.1,olive,foreign_segment,triplet_transition,1.0,1.0,14;16;20;52,coffee,GCF_032594455.1,14:3;16:17;20:33;52:8
GCF_042238405.1,olive,foreign_segment,sixmer,1.0,1.0,14;16;20;52,coffee,GCF_032594455.1,14:3;16:17;20:33;52:8
GCF_042238405.1,olive,foreign_segment,compression,1.0,1.0,14;16;20;52,coffee,GCF_032594455.1,14:3;16:17;20:33;52:8
GCF_012974125.1,olive,clustered_substitution,composition,1.0,1.0,6;8;17;50,,,
GCF_012974125.1,olive,clustered_substitution,triplet_distribution,1.0,1.0,6;8;17;50,,,
GCF_012974125.1,olive,clustered_substitution,pitch_order,1.0,1.0,6;8;17;50,,,
GCF_012974125.1,olive,clustered_substitution,triplet_transition,1.0,1.0,6;8;17;50,,,
GCF_012974125.1,olive,clustered_substitution,sixmer,1.0,1.0,6;8;17;50,,,
GCF_012974125.1,olive,clustered_substitution,compression,1.0,1.0,6;8;17;50,,,
GCF_012974125.1,olive,triplet_order_shuffle,composition,0.3705357142857143,0.0,6;8;17;50,,,
GCF_012974125.1,olive,triplet_order_shuffle,triplet_distribution,0.3705357142857143,0.0,6;8;17;50,,,
GCF_012974125.1,olive,triplet_order_shuffle,pitch_order,1.0,1.0,6;8;17;50,,,
GCF_012974125.1,olive,triplet_order_shuffle,triplet_transition,1.0,1.0,6;8;17;50,,,
GCF_012974125.1,olive,triplet_order_shuffle,sixmer,1.0,1.0,6;8;17;50,,,
GCF_012974125.1,olive,triplet_order_shuffle,compression,1.0,1.0,6;8;17;50,,,
GCF_012974125.1,olive,foreign_segment,composition,1.0,1.0,6;8;17;50,grapevine,GCF_028891345.1,6:50;8:25;17:47;50:28
GCF_012974125.1,olive,foreign_segment,triplet_distribution,1.0,1.0,6;8;17;50,grapevine,GCF_028891345.1,6:50;8:25;17:47;50:28
GCF_012974125.1,olive,foreign_segment,pitch_order,1.0,1.0,6;8;17;50,grapevine,GCF_028891345.1,6:50;8:25;17:47;50:28
GCF_012974125.1,olive,foreign_segment,triplet_transition,1.0,1.0,6;8;17;50,grapevine,GCF_028891345.1,6:50;8:25;17:47;50:28
GCF_012974125.1,olive,foreign_segment,sixmer,1.0,1.0,6;8;17;50,grapevine,GCF_028891345.1,6:50;8:25;17:47;50:28
GCF_012974125.1,olive,foreign_segment,compression,1.0,1.0,6;8;17;50,grapevine,GCF_028891345.1,6:50;8:25;17:47;50:28
GCF_012974145.1,olive,clustered_substitution,composition,1.0,1.0,8;17;19;37,,,
GCF_012974145.1,olive,clustered_substitution,triplet_distribution,1.0,1.0,8;17;19;37,,,
GCF_012974145.1,olive,clustered_substitution,pitch_order,1.0,1.0,8;17;19;37,,,
GCF_012974145.1,olive,clustered_substitution,triplet_transition,1.0,1.0,8;17;19;37,,,
GCF_012974145.1,olive,clustered_substitution,sixmer,1.0,1.0,8;17;19;37,,,
GCF_012974145.1,olive,clustered_substitution,compression,1.0,1.0,8;17;19;37,,,
GCF_012974145.1,olive,triplet_order_shuffle,composition,0.5803571428571429,0.0,8;17;19;37,,,
GCF_012974145.1,olive,triplet_order_shuffle,triplet_distribution,0.5892857142857143,0.0,8;17;19;37,,,
GCF_012974145.1,olive,triplet_order_shuffle,pitch_order,1.0,1.0,8;17;19;37,,,
GCF_012974145.1,olive,triplet_order_shuffle,triplet_transition,1.0,1.0,8;17;19;37,,,
GCF_012974145.1,olive,triplet_order_shuffle,sixmer,1.0,1.0,8;17;19;37,,,
GCF_012974145.1,olive,triplet_order_shuffle,compression,1.0,1.0,8;17;19;37,,,
GCF_012974145.1,olive,foreign_segment,composition,1.0,1.0,8;17;19;37,other_prunus,GCF_001456295.2,8:55;17:31;19:48;37:50
GCF_012974145.1,olive,foreign_segment,triplet_distribution,1.0,1.0,8;17;19;37,other_prunus,GCF_001456295.2,8:55;17:31;19:48;37:50
GCF_012974145.1,olive,foreign_segment,pitch_order,1.0,1.0,8;17;19;37,other_prunus,GCF_001456295.2,8:55;17:31;19:48;37:50
GCF_012974145.1,olive,foreign_segment,triplet_transition,1.0,1.0,8;17;19;37,other_prunus,GCF_001456295.2,8:55;17:31;19:48;37:50
GCF_012974145.1,olive,foreign_segment,sixmer,1.0,1.0,8;17;19;37,other_prunus,GCF_001456295.2,8:55;17:31;19:48;37:50
GCF_012974145.1,olive,foreign_segment,compression,1.0,1.0,8;17;19;37,other_prunus,GCF_001456295.2,8:55;17:31;19:48;37:50
GCF_029962065.1,olive,clustered_substitution,composition,1.0,1.0,16;17;41;42,,,
GCF_029962065.1,olive,clustered_substitution,triplet_distribution,1.0,1.0,16;17;41;42,,,
GCF_029962065.1,olive,clustered_substitution,pitch_order,1.0,1.0,16;17;41;42,,,
GCF_029962065.1,olive,clustered_substitution,triplet_transition,1.0,1.0,16;17;41;42,,,
GCF_029962065.1,olive,clustered_substitution,sixmer,1.0,1.0,16;17;41;42,,,
GCF_029962065.1,olive,clustered_substitution,compression,1.0,1.0,16;17;41;42,,,
GCF_029962065.1,olive,triplet_order_shuffle,composition,0.6517857142857143,0.25,16;17;41;42,,,
GCF_029962065.1,olive,triplet_order_shuffle,triplet_distribution,0.6473214285714286,0.25,16;17;41;42,,,
GCF_029962065.1,olive,triplet_order_shuffle,pitch_order,1.0,1.0,16;17;41;42,,,
GCF_029962065.1,olive,triplet_order_shuffle,triplet_transition,1.0,1.0,16;17;41;42,,,
GCF_029962065.1,olive,triplet_order_shuffle,sixmer,1.0,1.0,16;17;41;42,,,
GCF_029962065.1,olive,triplet_order_shuffle,compression,1.0,1.0,16;17;41;42,,,
GCF_029962065.1,olive,foreign_segment,composition,1.0,1.0,16;17;41;42,other_prunus,GCF_042243345.1,16:30;17:12;41:20;42:26
GCF_029962065.1,olive,foreign_segment,triplet_distribution,1.0,1.0,16;17;41;42,other_prunus,GCF_042243345.1,16:30;17:12;41:20;42:26
GCF_029962065.1,olive,foreign_segment,pitch_order,1.0,1.0,16;17;41;42,other_prunus,GCF_042243345.1,16:30;17:12;41:20;42:26
GCF_029962065.1,olive,foreign_segment,triplet_transition,1.0,1.0,16;17;41;42,other_prunus,GCF_042243345.1,16:30;17:12;41:20;42:26
GCF_029962065.1,olive,foreign_segment,sixmer,1.0,1.0,16;17;41;42,other_prunus,GCF_042243345.1,16:30;17:12;41:20;42:26
GCF_029962065.1,olive,foreign_segment,compression,1.0,1.0,16;17;41;42,other_prunus,GCF_042243345.1,16:30;17:12;41:20;42:26
GCF_012974105.1,olive,clustered_substitution,composition,1.0,1.0,23;45;48;54,,,
GCF_012974105.1,olive,clustered_substitution,triplet_distribution,1.0,1.0,23;45;48;54,,,
GCF_012974105.1,olive,clustered_substitution,pitch_order,1.0,1.0,23;45;48;54,,,
GCF_012974105.1,olive,clustered_substitution,triplet_transition,1.0,1.0,23;45;48;54,,,
GCF_012974105.1,olive,clustered_substitution,sixmer,1.0,1.0,23;45;48;54,,,
GCF_012974105.1,olive,clustered_substitution,compression,1.0,1.0,23;45;48;54,,,
GCF_012974105.1,olive,triplet_order_shuffle,composition,0.6473214285714286,0.0,23;45;48;54,,,
GCF_012974105.1,olive,triplet_order_shuffle,triplet_distribution,0.6473214285714286,0.0,23;45;48;54,,,
GCF_012974105.1,olive,triplet_order_shuffle,pitch_order,1.0,1.0,23;45;48;54,,,
GCF_012974105.1,olive,triplet_order_shuffle,triplet_transition,1.0,1.0,23;45;48;54,,,
GCF_012974105.1,olive,triplet_order_shuffle,sixmer,1.0,1.0,23;45;48;54,,,
GCF_012974105.1,olive,triplet_order_shuffle,compression,1.0,1.0,23;45;48;54,,,
GCF_012974105.1,olive,foreign_segment,composition,1.0,1.0,23;45;48;54,other_prunus,GCF_042241145.1,23:25;45:57;48:0;54:14
GCF_012974105.1,olive,foreign_segment,triplet_distribution,1.0,1.0,23;45;48;54,other_prunus,GCF_042241145.1,23:25;45:57;48:0;54:14
GCF_012974105.1,olive,foreign_segment,pitch_order,1.0,1.0,23;45;48;54,other_prunus,GCF_042241145.1,23:25;45:57;48:0;54:14
GCF_012974105.1,olive,foreign_segment,triplet_transition,1.0,1.0,23;45;48;54,other_prunus,GCF_042241145.1,23:25;45:57;48:0;54:14
GCF_012974105.1,olive,foreign_segment,sixmer,1.0,1.0,23;45;48;54,other_prunus,GCF_042241145.1,23:25;45:57;48:0;54:14
GCF_012974105.1,olive,foreign_segment,compression,1.0,1.0,23;45;48;54,other_prunus,GCF_042241145.1,23:25;45:57;48:0;54:14
GCF_021474225.1,olive,clustered_substitution,composition,1.0,1.0,19;25;50;53,,,
GCF_021474225.1,olive,clustered_substitution,triplet_distribution,1.0,1.0,19;25;50;53,,,
GCF_021474225.1,olive,clustered_substitution,pitch_order,1.0,1.0,19;25;50;53,,,
GCF_021474225.1,olive,clustered_substitution,triplet_transition,1.0,1.0,19;25;50;53,,,
GCF_021474225.1,olive,clustered_substitution,sixmer,1.0,1.0,19;25;50;53,,,
GCF_021474225.1,olive,clustered_substitution,compression,1.0,1.0,19;25;50;53,,,
GCF_021474225.1,olive,triplet_order_shuffle,composition,0.44642857142857145,0.0,19;25;50;53,,,
GCF_021474225.1,olive,triplet_order_shuffle,triplet_distribution,0.44642857142857145,0.0,19;25;50;53,,,
GCF_021474225.1,olive,triplet_order_shuffle,pitch_order,1.0,1.0,19;25;50;53,,,
GCF_021474225.1,olive,triplet_order_shuffle,triplet_transition,1.0,1.0,19;25;50;53,,,
GCF_021474225.1,olive,triplet_order_shuffle,sixmer,1.0,1.0,19;25;50;53,,,
GCF_021474225.1,olive,triplet_order_shuffle,compression,1.0,1.0,19;25;50;53,,,
GCF_021474225.1,olive,foreign_segment,composition,1.0,1.0,19;25;50;53,coffee,GCF_028226975.1,19:1;25:59;50:12;53:48
GCF_021474225.1,olive,foreign_segment,triplet_distribution,1.0,1.0,19;25;50;53,coffee,GCF_028226975.1,19:1;25:59;50:12;53:48
GCF_021474225.1,olive,foreign_segment,pitch_order,1.0,1.0,19;25;50;53,coffee,GCF_028226975.1,19:1;25:59;50:12;53:48
GCF_021474225.1,olive,foreign_segment,triplet_transition,1.0,1.0,19;25;50;53,coffee,GCF_028226975.1,19:1;25:59;50:12;53:48
GCF_021474225.1,olive,foreign_segment,sixmer,1.0,1.0,19;25;50;53,coffee,GCF_028226975.1,19:1;25:59;50:12;53:48
GCF_021474225.1,olive,foreign_segment,compression,1.0,1.0,19;25;50;53,coffee,GCF_028226975.1,19:1;25:59;50:12;53:48
GCF_002117875.1,olive,clustered_substitution,composition,1.0,1.0,14;17;46;48,,,
GCF_002117875.1,olive,clustered_substitution,triplet_distribution,1.0,1.0,14;17;46;48,,,
GCF_002117875.1,olive,clustered_substitution,pitch_order,1.0,1.0,14;17;46;48,,,
GCF_002117875.1,olive,clustered_substitution,triplet_transition,1.0,1.0,14;17;46;48,,,
GCF_002117875.1,olive,clustered_substitution,sixmer,1.0,1.0,14;17;46;48,,,
GCF_002117875.1,olive,clustered_substitution,compression,1.0,1.0,14;17;46;48,,,
GCF_002117875.1,olive,triplet_order_shuffle,composition,0.35267857142857145,0.0,14;17;46;48,,,
GCF_002117875.1,olive,triplet_order_shuffle,triplet_distribution,0.35267857142857145,0.0,14;17;46;48,,,
GCF_002117875.1,olive,triplet_order_shuffle,pitch_order,1.0,1.0,14;17;46;48,,,
GCF_002117875.1,olive,triplet_order_shuffle,triplet_transition,1.0,1.0,14;17;46;48,,,
GCF_002117875.1,olive,triplet_order_shuffle,sixmer,1.0,1.0,14;17;46;48,,,
GCF_002117875.1,olive,triplet_order_shuffle,compression,1.0,1.0,14;17;46;48,,,
GCF_002117875.1,olive,foreign_segment,composition,1.0,1.0,14;17;46;48,almond,GCF_029962025.1,14:21;17:45;46:1;48:31
GCF_002117875.1,olive,foreign_segment,triplet_distribution,1.0,1.0,14;17;46;48,almond,GCF_029962025.1,14:21;17:45;46:1;48:31
GCF_002117875.1,olive,foreign_segment,pitch_order,1.0,1.0,14;17;46;48,almond,GCF_029962025.1,14:21;17:45;46:1;48:31
GCF_002117875.1,olive,foreign_segment,triplet_transition,1.0,1.0,14;17;46;48,almond,GCF_029962025.1,14:21;17:45;46:1;48:31
GCF_002117875.1,olive,foreign_segment,sixmer,1.0,1.0,14;17;46;48,almond,GCF_029962025.1,14:21;17:45;46:1;48:31
GCF_002117875.1,olive,foreign_segment,compression,1.0,1.0,14;17;46;48,almond,GCF_029962025.1,14:21;17:45;46:1;48:31
GCF_002954205.1,olive,clustered_substitution,composition,1.0,1.0,11;29;39;44,,,
GCF_002954205.1,olive,clustered_substitution,triplet_distribution,1.0,1.0,11;29;39;44,,,
GCF_002954205.1,olive,clustered_substitution,pitch_order,1.0,1.0,11;29;39;44,,,
GCF_002954205.1,olive,clustered_substitution,triplet_transition,1.0,1.0,11;29;39;44,,,
GCF_002954205.1,olive,clustered_substitution,sixmer,1.0,1.0,11;29;39;44,,,
GCF_002954205.1,olive,clustered_substitution,compression,1.0,1.0,11;29;39;44,,,
GCF_002954205.1,olive,triplet_order_shuffle,composition,0.48660714285714285,0.0,11;29;39;44,,,
GCF_002954205.1,olive,triplet_order_shuffle,triplet_distribution,0.49107142857142855,0.0,11;29;39;44,,,
GCF_002954205.1,olive,triplet_order_shuffle,pitch_order,1.0,1.0,11;29;39;44,,,
GCF_002954205.1,olive,triplet_order_shuffle,triplet_transition,1.0,1.0,11;29;39;44,,,
GCF_002954205.1,olive,triplet_order_shuffle,sixmer,1.0,1.0,11;29;39;44,,,
GCF_002954205.1,olive,triplet_order_shuffle,compression,1.0,1.0,11;29;39;44,,,
GCF_002954205.1,olive,foreign_segment,composition,1.0,1.0,11;29;39;44,grapevine,GCF_055766035.1,11:46;29:10;39:21;44:56
GCF_002954205.1,olive,foreign_segment,triplet_distribution,1.0,1.0,11;29;39;44,grapevine,GCF_055766035.1,11:46;29:10;39:21;44:56
GCF_002954205.1,olive,foreign_segment,pitch_order,1.0,1.0,11;29;39;44,grapevine,GCF_055766035.1,11:46;29:10;39:21;44:56
GCF_002954205.1,olive,foreign_segment,triplet_transition,1.0,1.0,11;29;39;44,grapevine,GCF_055766035.1,11:46;29:10;39:21;44:56
GCF_002954205.1,olive,foreign_segment,sixmer,1.0,1.0,11;29;39;44,grapevine,GCF_055766035.1,11:46;29:10;39:21;44:56
GCF_002954205.1,olive,foreign_segment,compression,1.0,1.0,11;29;39;44,grapevine,GCF_055766035.1,11:46;29:10;39:21;44:56
GCF_042237735.1,olive,clustered_substitution,composition,1.0,1.0,14;15;27;54,,,
GCF_042237735.1,olive,clustered_substitution,triplet_distribution,1.0,1.0,14;15;27;54,,,
GCF_042237735.1,olive,clustered_substitution,pitch_order,1.0,1.0,14;15;27;54,,,
GCF_042237735.1,olive,clustered_substitution,triplet_transition,1.0,1.0,14;15;27;54,,,
GCF_042237735.1,olive,clustered_substitution,sixmer,1.0,1.0,14;15;27;54,,,
GCF_042237735.1,olive,clustered_substitution,compression,1.0,1.0,14;15;27;54,,,
GCF_042237735.1,olive,triplet_order_shuffle,composition,0.45535714285714285,0.0,14;15;27;54,,,
GCF_042237735.1,olive,triplet_order_shuffle,triplet_distribution,0.45535714285714285,0.0,14;15;27;54,,,
GCF_042237735.1,olive,triplet_order_shuffle,pitch_order,1.0,1.0,14;15;27;54,,,
GCF_042237735.1,olive,triplet_order_shuffle,triplet_transition,1.0,1.0,14;15;27;54,,,
GCF_042237735.1,olive,triplet_order_shuffle,sixmer,1.0,1.0,14;15;27;54,,,
GCF_042237735.1,olive,triplet_order_shuffle,compression,1.0,1.0,14;15;27;54,,,
GCF_042237735.1,olive,foreign_segment,composition,1.0,1.0,14;15;27;54,almond,GCF_050157125.1,14:1;15:13;27:2;54:37
GCF_042237735.1,olive,foreign_segment,triplet_distribution,1.0,1.0,14;15;27;54,almond,GCF_050157125.1,14:1;15:13;27:2;54:37
GCF_042237735.1,olive,foreign_segment,pitch_order,1.0,1.0,14;15;27;54,almond,GCF_050157125.1,14:1;15:13;27:2;54:37
GCF_042237735.1,olive,foreign_segment,triplet_transition,1.0,1.0,14;15;27;54,almond,GCF_050157125.1,14:1;15:13;27:2;54:37
GCF_042237735.1,olive,foreign_segment,sixmer,1.0,1.0,14;15;27;54,almond,GCF_050157125.1,14:1;15:13;27:2;54:37
GCF_042237735.1,olive,foreign_segment,compression,1.0,1.0,14;15;27;54,almond,GCF_050157125.1,14:1;15:13;27:2;54:37
GCF_042237065.1,olive,clustered_substitution,composition,1.0,1.0,6;13;14;18,,,
GCF_042237065.1,olive,clustered_substitution,triplet_distribution,1.0,1.0,6;13;14;18,,,
GCF_042237065.1,olive,clustered_substitution,pitch_order,1.0,1.0,6;13;14;18,,,
GCF_042237065.1,olive,clustered_substitution,triplet_transition,1.0,1.0,6;13;14;18,,,
GCF_042237065.1,olive,clustered_substitution,sixmer,1.0,1.0,6;13;14;18,,,
GCF_042237065.1,olive,clustered_substitution,compression,1.0,1.0,6;13;14;18,,,
GCF_042237065.1,olive,triplet_order_shuffle,composition,0.45535714285714285,0.0,6;13;14;18,,,
GCF_042237065.1,olive,triplet_order_shuffle,triplet_distribution,0.45535714285714285,0.0,6;13;14;18,,,
GCF_042237065.1,olive,triplet_order_shuffle,pitch_order,1.0,1.0,6;13;14;18,,,
GCF_042237065.1,olive,triplet_order_shuffle,triplet_transition,1.0,1.0,6;13;14;18,,,
GCF_042237065.1,olive,triplet_order_shuffle,sixmer,1.0,1.0,6;13;14;18,,,
GCF_042237065.1,olive,triplet_order_shuffle,compression,1.0,1.0,6;13;14;18,,,
GCF_042237065.1,olive,foreign_segment,composition,1.0,1.0,6;13;14;18,grapevine,GCF_028227635.1,6:13;13:28;14:43;18:7
GCF_042237065.1,olive,foreign_segment,triplet_distribution,1.0,1.0,6;13;14;18,grapevine,GCF_028227635.1,6:13;13:28;14:43;18:7
GCF_042237065.1,olive,foreign_segment,pitch_order,1.0,1.0,6;13;14;18,grapevine,GCF_028227635.1,6:13;13:28;14:43;18:7
GCF_042237065.1,olive,foreign_segment,triplet_transition,1.0,1.0,6;13;14;18,grapevine,GCF_028227635.1,6:13;13:28;14:43;18:7
GCF_042237065.1,olive,foreign_segment,sixmer,1.0,1.0,6;13;14;18,grapevine,GCF_028227635.1,6:13;13:28;14:43;18:7
GCF_042237065.1,olive,foreign_segment,compression,1.0,1.0,6;13;14;18,grapevine,GCF_028227635.1,6:13;13:28;14:43;18:7
GCF_004016415.2,coffee,clustered_substitution,composition,1.0,1.0,15;24;37;48,,,
GCF_004016415.2,coffee,clustered_substitution,triplet_distribution,1.0,1.0,15;24;37;48,,,
GCF_004016415.2,coffee,clustered_substitution,pitch_order,1.0,1.0,15;24;37;48,,,
GCF_004016415.2,coffee,clustered_substitution,triplet_transition,1.0,1.0,15;24;37;48,,,
GCF_004016415.2,coffee,clustered_substitution,sixmer,1.0,1.0,15;24;37;48,,,
GCF_004016415.2,coffee,clustered_substitution,compression,1.0,1.0,15;24;37;48,,,
GCF_004016415.2,coffee,triplet_order_shuffle,composition,0.5580357142857143,0.0,15;24;37;48,,,
GCF_004016415.2,coffee,triplet_order_shuffle,triplet_distribution,0.5669642857142857,0.0,15;24;37;48,,,
GCF_004016415.2,coffee,triplet_order_shuffle,pitch_order,1.0,1.0,15;24;37;48,,,
GCF_004016415.2,coffee,triplet_order_shuffle,triplet_transition,1.0,1.0,15;24;37;48,,,
GCF_004016415.2,coffee,triplet_order_shuffle,sixmer,1.0,1.0,15;24;37;48,,,
GCF_004016415.2,coffee,triplet_order_shuffle,compression,1.0,1.0,15;24;37;48,,,
GCF_004016415.2,coffee,foreign_segment,composition,1.0,1.0,15;24;37;48,grapevine,GCF_004016315.2,15:0;24:18;37:24;48:41
GCF_004016415.2,coffee,foreign_segment,triplet_distribution,1.0,1.0,15;24;37;48,grapevine,GCF_004016315.2,15:0;24:18;37:24;48:41
GCF_004016415.2,coffee,foreign_segment,pitch_order,1.0,1.0,15;24;37;48,grapevine,GCF_004016315.2,15:0;24:18;37:24;48:41
GCF_004016415.2,coffee,foreign_segment,triplet_transition,1.0,1.0,15;24;37;48,grapevine,GCF_004016315.2,15:0;24:18;37:24;48:41
GCF_004016415.2,coffee,foreign_segment,sixmer,1.0,1.0,15;24;37;48,grapevine,GCF_004016315.2,15:0;24:18;37:24;48:41
GCF_004016415.2,coffee,foreign_segment,compression,1.0,1.0,15;24;37;48,grapevine,GCF_004016315.2,15:0;24:18;37:24;48:41
GCF_001456195.2,coffee,clustered_substitution,composition,1.0,1.0,10;13;34;46,,,
GCF_001456195.2,coffee,clustered_substitution,triplet_distribution,1.0,1.0,10;13;34;46,,,
GCF_001456195.2,coffee,clustered_substitution,pitch_order,1.0,1.0,10;13;34;46,,,
GCF_001456195.2,coffee,clustered_substitution,triplet_transition,1.0,1.0,10;13;34;46,,,
GCF_001456195.2,coffee,clustered_substitution,sixmer,1.0,1.0,10;13;34;46,,,
GCF_001456195.2,coffee,clustered_substitution,compression,1.0,1.0,10;13;34;46,,,
GCF_001456195.2,coffee,triplet_order_shuffle,composition,0.5,0.0,10;13;34;46,,,
GCF_001456195.2,coffee,triplet_order_shuffle,triplet_distribution,0.5044642857142857,0.0,10;13;34;46,,,
GCF_001456195.2,coffee,triplet_order_shuffle,pitch_order,1.0,1.0,10;13;34;46,,,
GCF_001456195.2,coffee,triplet_order_shuffle,triplet_transition,1.0,1.0,10;13;34;46,,,
GCF_001456195.2,coffee,triplet_order_shuffle,sixmer,1.0,1.0,10;13;34;46,,,
GCF_001456195.2,coffee,triplet_order_shuffle,compression,1.0,1.0,10;13;34;46,,,
GCF_001456195.2,coffee,foreign_segment,composition,1.0,1.0,10;13;34;46,olive,GCF_012974105.1,10:57;13:18;34:48;46:40
GCF_001456195.2,coffee,foreign_segment,triplet_distribution,1.0,1.0,10;13;34;46,olive,GCF_012974105.1,10:57;13:18;34:48;46:40
GCF_001456195.2,coffee,foreign_segment,pitch_order,1.0,1.0,10;13;34;46,olive,GCF_012974105.1,10:57;13:18;34:48;46:40
GCF_001456195.2,coffee,foreign_segment,triplet_transition,1.0,1.0,10;13;34;46,olive,GCF_012974105.1,10:57;13:18;34:48;46:40
GCF_001456195.2,coffee,foreign_segment,sixmer,1.0,1.0,10;13;34;46,olive,GCF_012974105.1,10:57;13:18;34:48;46:40
GCF_001456195.2,coffee,foreign_segment,compression,1.0,1.0,10;13;34;46,olive,GCF_012974105.1,10:57;13:18;34:48;46:40
GCF_048564955.1,coffee,clustered_substitution,composition,1.0,1.0,8;18;37;43,,,
GCF_048564955.1,coffee,clustered_substitution,triplet_distribution,1.0,1.0,8;18;37;43,,,
GCF_048564955.1,coffee,clustered_substitution,pitch_order,1.0,1.0,8;18;37;43,,,
GCF_048564955.1,coffee,clustered_substitution,triplet_transition,1.0,1.0,8;18;37;43,,,
GCF_048564955.1,coffee,clustered_substitution,sixmer,1.0,1.0,8;18;37;43,,,
GCF_048564955.1,coffee,clustered_substitution,compression,1.0,1.0,8;18;37;43,,,
GCF_048564955.1,coffee,triplet_order_shuffle,composition,0.6696428571428571,0.25,8;18;37;43,,,
GCF_048564955.1,coffee,triplet_order_shuffle,triplet_distribution,0.6696428571428571,0.25,8;18;37;43,,,
GCF_048564955.1,coffee,triplet_order_shuffle,pitch_order,1.0,1.0,8;18;37;43,,,
GCF_048564955.1,coffee,triplet_order_shuffle,triplet_transition,1.0,1.0,8;18;37;43,,,
GCF_048564955.1,coffee,triplet_order_shuffle,sixmer,1.0,1.0,8;18;37;43,,,
GCF_048564955.1,coffee,triplet_order_shuffle,compression,1.0,1.0,8;18;37;43,,,
GCF_048564955.1,coffee,foreign_segment,composition,1.0,1.0,8;18;37;43,other_prunus,GCF_028640715.1,8:52;18:11;37:10;43:10
GCF_048564955.1,coffee,foreign_segment,triplet_distribution,1.0,1.0,8;18;37;43,other_prunus,GCF_028640715.1,8:52;18:11;37:10;43:10
GCF_048564955.1,coffee,foreign_segment,pitch_order,1.0,1.0,8;18;37;43,other_prunus,GCF_028640715.1,8:52;18:11;37:10;43:10
GCF_048564955.1,coffee,foreign_segment,triplet_transition,1.0,1.0,8;18;37;43,other_prunus,GCF_028640715.1,8:52;18:11;37:10;43:10
GCF_048564955.1,coffee,foreign_segment,sixmer,1.0,1.0,8;18;37;43,other_prunus,GCF_028640715.1,8:52;18:11;37:10;43:10
GCF_048564955.1,coffee,foreign_segment,compression,1.0,1.0,8;18;37;43,other_prunus,GCF_028640715.1,8:52;18:11;37:10;43:10
GCF_032594475.1,coffee,clustered_substitution,composition,1.0,1.0,40;45;47;53,,,
GCF_032594475.1,coffee,clustered_substitution,triplet_distribution,1.0,1.0,40;45;47;53,,,
GCF_032594475.1,coffee,clustered_substitution,pitch_order,1.0,1.0,40;45;47;53,,,
GCF_032594475.1,coffee,clustered_substitution,triplet_transition,1.0,1.0,40;45;47;53,,,
GCF_032594475.1,coffee,clustered_substitution,sixmer,1.0,1.0,40;45;47;53,,,
GCF_032594475.1,coffee,clustered_substitution,compression,1.0,1.0,40;45;47;53,,,
GCF_032594475.1,coffee,triplet_order_shuffle,composition,0.34375,0.0,40;45;47;53,,,
GCF_032594475.1,coffee,triplet_order_shuffle,triplet_distribution,0.34375,0.0,40;45;47;53,,,
GCF_032594475.1,coffee,triplet_order_shuffle,pitch_order,1.0,1.0,40;45;47;53,,,
GCF_032594475.1,coffee,triplet_order_shuffle,triplet_transition,1.0,1.0,40;45;47;53,,,
GCF_032594475.1,coffee,triplet_order_shuffle,sixmer,1.0,1.0,40;45;47;53,,,
GCF_032594475.1,coffee,triplet_order_shuffle,compression,1.0,1.0,40;45;47;53,,,
GCF_032594475.1,coffee,foreign_segment,composition,1.0,1.0,40;45;47;53,grapevine,GCF_021459925.1,40:51;45:7;47:58;53:26
GCF_032594475.1,coffee,foreign_segment,triplet_distribution,1.0,1.0,40;45;47;53,grapevine,GCF_021459925.1,40:51;45:7;47:58;53:26
GCF_032594475.1,coffee,foreign_segment,pitch_order,1.0,1.0,40;45;47;53,grapevine,GCF_021459925.1,40:51;45:7;47:58;53:26
GCF_032594475.1,coffee,foreign_segment,triplet_transition,1.0,1.0,40;45;47;53,grapevine,GCF_021459925.1,40:51;45:7;47:58;53:26
GCF_032594475.1,coffee,foreign_segment,sixmer,1.0,1.0,40;45;47;53,grapevine,GCF_021459925.1,40:51;45:7;47:58;53:26
GCF_032594475.1,coffee,foreign_segment,compression,1.0,1.0,40;45;47;53,grapevine,GCF_021459925.1,40:51;45:7;47:58;53:26
GCF_032594455.1,coffee,clustered_substitution,composition,1.0,1.0,20;24;49;51,,,
GCF_032594455.1,coffee,clustered_substitution,triplet_distribution,1.0,1.0,20;24;49;51,,,
GCF_032594455.1,coffee,clustered_substitution,pitch_order,1.0,1.0,20;24;49;51,,,
GCF_032594455.1,coffee,clustered_substitution,triplet_transition,1.0,1.0,20;24;49;51,,,
GCF_032594455.1,coffee,clustered_substitution,sixmer,1.0,1.0,20;24;49;51,,,
GCF_032594455.1,coffee,clustered_substitution,compression,1.0,1.0,20;24;49;51,,,
GCF_032594455.1,coffee,triplet_order_shuffle,composition,0.2857142857142857,0.0,20;24;49;51,,,
GCF_032594455.1,coffee,triplet_order_shuffle,triplet_distribution,0.2857142857142857,0.0,20;24;49;51,,,
GCF_032594455.1,coffee,triplet_order_shuffle,pitch_order,1.0,1.0,20;24;49;51,,,
GCF_032594455.1,coffee,triplet_order_shuffle,triplet_transition,1.0,1.0,20;24;49;51,,,
GCF_032594455.1,coffee,triplet_order_shuffle,sixmer,1.0,1.0,20;24;49;51,,,
GCF_032594455.1,coffee,triplet_order_shuffle,compression,1.0,1.0,20;24;49;51,,,
GCF_032594455.1,coffee,foreign_segment,composition,1.0,1.0,20;24;49;51,grapevine,GCF_053901445.1,20:24;24:49;49:58;51:55
GCF_032594455.1,coffee,foreign_segment,triplet_distribution,1.0,1.0,20;24;49;51,grapevine,GCF_053901445.1,20:24;24:49;49:58;51:55
GCF_032594455.1,coffee,foreign_segment,pitch_order,1.0,1.0,20;24;49;51,grapevine,GCF_053901445.1,20:24;24:49;49:58;51:55
GCF_032594455.1,coffee,foreign_segment,triplet_transition,1.0,1.0,20;24;49;51,grapevine,GCF_053901445.1,20:24;24:49;49:58;51:55
GCF_032594455.1,coffee,foreign_segment,sixmer,1.0,1.0,20;24;49;51,grapevine,GCF_053901445.1,20:24;24:49;49:58;51:55
GCF_032594455.1,coffee,foreign_segment,compression,1.0,1.0,20;24;49;51,grapevine,GCF_053901445.1,20:24;24:49;49:58;51:55
GCF_041053125.1,coffee,clustered_substitution,composition,1.0,1.0,23;24;40;54,,,
GCF_041053125.1,coffee,clustered_substitution,triplet_distribution,1.0,1.0,23;24;40;54,,,
GCF_041053125.1,coffee,clustered_substitution,pitch_order,1.0,1.0,23;24;40;54,,,
GCF_041053125.1,coffee,clustered_substitution,triplet_transition,1.0,1.0,23;24;40;54,,,
GCF_041053125.1,coffee,clustered_substitution,sixmer,1.0,1.0,23;24;40;54,,,
GCF_041053125.1,coffee,clustered_substitution,compression,1.0,1.0,23;24;40;54,,,
GCF_041053125.1,coffee,triplet_order_shuffle,composition,0.22321428571428573,0.0,23;24;40;54,,,
GCF_041053125.1,coffee,triplet_order_shuffle,triplet_distribution,0.21875,0.0,23;24;40;54,,,
GCF_041053125.1,coffee,triplet_order_shuffle,pitch_order,1.0,1.0,23;24;40;54,,,
GCF_041053125.1,coffee,triplet_order_shuffle,triplet_transition,1.0,1.0,23;24;40;54,,,
GCF_041053125.1,coffee,triplet_order_shuffle,sixmer,1.0,1.0,23;24;40;54,,,
GCF_041053125.1,coffee,triplet_order_shuffle,compression,1.0,1.0,23;24;40;54,,,
GCF_041053125.1,coffee,foreign_segment,composition,1.0,1.0,23;24;40;54,grapevine,GCF_004016315.2,23:3;24:57;40:47;54:28
GCF_041053125.1,coffee,foreign_segment,triplet_distribution,1.0,1.0,23;24;40;54,grapevine,GCF_004016315.2,23:3;24:57;40:47;54:28
GCF_041053125.1,coffee,foreign_segment,pitch_order,1.0,1.0,23;24;40;54,grapevine,GCF_004016315.2,23:3;24:57;40:47;54:28
GCF_041053125.1,coffee,foreign_segment,triplet_transition,1.0,1.0,23;24;40;54,grapevine,GCF_004016315.2,23:3;24:57;40:47;54:28
GCF_041053125.1,coffee,foreign_segment,sixmer,1.0,1.0,23;24;40;54,grapevine,GCF_004016315.2,23:3;24:57;40:47;54:28
GCF_041053125.1,coffee,foreign_segment,compression,1.0,1.0,23;24;40;54,grapevine,GCF_004016315.2,23:3;24:57;40:47;54:28
GCF_028226975.1,coffee,clustered_substitution,composition,1.0,1.0,18;37;46;54,,,
GCF_028226975.1,coffee,clustered_substitution,triplet_distribution,1.0,1.0,18;37;46;54,,,
GCF_028226975.1,coffee,clustered_substitution,pitch_order,1.0,1.0,18;37;46;54,,,
GCF_028226975.1,coffee,clustered_substitution,triplet_transition,1.0,1.0,18;37;46;54,,,
GCF_028226975.1,coffee,clustered_substitution,sixmer,1.0,1.0,18;37;46;54,,,
GCF_028226975.1,coffee,clustered_substitution,compression,1.0,1.0,18;37;46;54,,,
GCF_028226975.1,coffee,triplet_order_shuffle,composition,0.42410714285714285,0.25,18;37;46;54,,,
GCF_028226975.1,coffee,triplet_order_shuffle,triplet_distribution,0.42857142857142855,0.25,18;37;46;54,,,
GCF_028226975.1,coffee,triplet_order_shuffle,pitch_order,1.0,1.0,18;37;46;54,,,
GCF_028226975.1,coffee,triplet_order_shuffle,triplet_transition,1.0,1.0,18;37;46;54,,,
GCF_028226975.1,coffee,triplet_order_shuffle,sixmer,1.0,1.0,18;37;46;54,,,
GCF_028226975.1,coffee,triplet_order_shuffle,compression,1.0,1.0,18;37;46;54,,,
GCF_028226975.1,coffee,foreign_segment,composition,1.0,1.0,18;37;46;54,other_prunus,GCF_055690575.1,18:53;37:32;46:30;54:49
GCF_028226975.1,coffee,foreign_segment,triplet_distribution,1.0,1.0,18;37;46;54,other_prunus,GCF_055690575.1,18:53;37:32;46:30;54:49
GCF_028226975.1,coffee,foreign_segment,pitch_order,1.0,1.0,18;37;46;54,other_prunus,GCF_055690575.1,18:53;37:32;46:30;54:49
GCF_028226975.1,coffee,foreign_segment,triplet_transition,1.0,1.0,18;37;46;54,other_prunus,GCF_055690575.1,18:53;37:32;46:30;54:49
GCF_028226975.1,coffee,foreign_segment,sixmer,1.0,1.0,18;37;46;54,other_prunus,GCF_055690575.1,18:53;37:32;46:30;54:49
GCF_028226975.1,coffee,foreign_segment,compression,1.0,1.0,18;37;46;54,other_prunus,GCF_055690575.1,18:53;37:32;46:30;54:49
GCF_053901285.1,coffee,clustered_substitution,composition,1.0,1.0,9;15;22;46,,,
GCF_053901285.1,coffee,clustered_substitution,triplet_distribution,1.0,1.0,9;15;22;46,,,
GCF_053901285.1,coffee,clustered_substitution,pitch_order,1.0,1.0,9;15;22;46,,,
GCF_053901285.1,coffee,clustered_substitution,triplet_transition,1.0,1.0,9;15;22;46,,,
GCF_053901285.1,coffee,clustered_substitution,sixmer,1.0,1.0,9;15;22;46,,,
GCF_053901285.1,coffee,clustered_substitution,compression,1.0,1.0,9;15;22;46,,,
GCF_053901285.1,coffee,triplet_order_shuffle,composition,0.4107142857142857,0.0,9;15;22;46,,,
GCF_053901285.1,coffee,triplet_order_shuffle,triplet_distribution,0.4107142857142857,0.0,9;15;22;46,,,
GCF_053901285.1,coffee,triplet_order_shuffle,pitch_order,1.0,1.0,9;15;22;46,,,
GCF_053901285.1,coffee,triplet_order_shuffle,triplet_transition,1.0,1.0,9;15;22;46,,,
GCF_053901285.1,coffee,triplet_order_shuffle,sixmer,1.0,1.0,9;15;22;46,,,
GCF_053901285.1,coffee,triplet_order_shuffle,compression,1.0,1.0,9;15;22;46,,,
GCF_053901285.1,coffee,foreign_segment,composition,1.0,1.0,9;15;22;46,almond,GCF_042239055.1,9:0;15:23;22:57;46:26
GCF_053901285.1,coffee,foreign_segment,triplet_distribution,1.0,1.0,9;15;22;46,almond,GCF_042239055.1,9:0;15:23;22:57;46:26
GCF_053901285.1,coffee,foreign_segment,pitch_order,1.0,1.0,9;15;22;46,almond,GCF_042239055.1,9:0;15:23;22:57;46:26
GCF_053901285.1,coffee,foreign_segment,triplet_transition,1.0,1.0,9;15;22;46,almond,GCF_042239055.1,9:0;15:23;22:57;46:26
GCF_053901285.1,coffee,foreign_segment,sixmer,1.0,1.0,9;15;22;46,almond,GCF_042239055.1,9:0;15:23;22:57;46:26
GCF_053901285.1,coffee,foreign_segment,compression,1.0,1.0,9;15;22;46,almond,GCF_042239055.1,9:0;15:23;22:57;46:26
GCF_001469345.1,coffee,clustered_substitution,composition,1.0,1.0,9;13;26;33,,,
GCF_001469345.1,coffee,clustered_substitution,triplet_distribution,1.0,1.0,9;13;26;33,,,
GCF_001469345.1,coffee,clustered_substitution,pitch_order,1.0,1.0,9;13;26;33,,,
GCF_001469345.1,coffee,clustered_substitution,triplet_transition,1.0,1.0,9;13;26;33,,,
GCF_001469345.1,coffee,clustered_substitution,sixmer,1.0,1.0,9;13;26;33,,,
GCF_001469345.1,coffee,clustered_substitution,compression,1.0,1.0,9;13;26;33,,,
GCF_001469345.1,coffee,triplet_order_shuffle,composition,0.6294642857142857,0.0,9;13;26;33,,,
GCF_001469345.1,coffee,triplet_order_shuffle,triplet_distribution,0.625,0.0,9;13;26;33,,,
GCF_001469345.1,coffee,triplet_order_shuffle,pitch_order,1.0,1.0,9;13;26;33,,,
GCF_001469345.1,coffee,triplet_order_shuffle,triplet_transition,1.0,1.0,9;13;26;33,,,
GCF_001469345.1,coffee,triplet_order_shuffle,sixmer,1.0,1.0,9;13;26;33,,,
GCF_001469345.1,coffee,triplet_order_shuffle,compression,1.0,1.0,9;13;26;33,,,
GCF_001469345.1,coffee,foreign_segment,composition,1.0,1.0,9;13;26;33,olive,GCF_021474225.1,9:16;13:24;26:50;33:34
GCF_001469345.1,coffee,foreign_segment,triplet_distribution,1.0,1.0,9;13;26;33,olive,GCF_021474225.1,9:16;13:24;26:50;33:34
GCF_001469345.1,coffee,foreign_segment,pitch_order,1.0,1.0,9;13;26;33,olive,GCF_021474225.1,9:16;13:24;26:50;33:34
GCF_001469345.1,coffee,foreign_segment,triplet_transition,1.0,1.0,9;13;26;33,olive,GCF_021474225.1,9:16;13:24;26:50;33:34
GCF_001469345.1,coffee,foreign_segment,sixmer,1.0,1.0,9;13;26;33,olive,GCF_021474225.1,9:16;13:24;26:50;33:34
GCF_001469345.1,coffee,foreign_segment,compression,1.0,1.0,9;13;26;33,olive,GCF_021474225.1,9:16;13:24;26:50;33:34
GCF_042241145.1,other_prunus,clustered_substitution,composition,1.0,1.0,18;22;28;41,,,
GCF_042241145.1,other_prunus,clustered_substitution,triplet_distribution,1.0,1.0,18;22;28;41,,,
GCF_042241145.1,other_prunus,clustered_substitution,pitch_order,1.0,1.0,18;22;28;41,,,
GCF_042241145.1,other_prunus,clustered_substitution,triplet_transition,1.0,1.0,18;22;28;41,,,
GCF_042241145.1,other_prunus,clustered_substitution,sixmer,1.0,1.0,18;22;28;41,,,
GCF_042241145.1,other_prunus,clustered_substitution,compression,1.0,1.0,18;22;28;41,,,
GCF_042241145.1,other_prunus,triplet_order_shuffle,composition,0.44642857142857145,0.0,18;22;28;41,,,
GCF_042241145.1,other_prunus,triplet_order_shuffle,triplet_distribution,0.45089285714285715,0.0,18;22;28;41,,,
GCF_042241145.1,other_prunus,triplet_order_shuffle,pitch_order,1.0,1.0,18;22;28;41,,,
GCF_042241145.1,other_prunus,triplet_order_shuffle,triplet_transition,1.0,1.0,18;22;28;41,,,
GCF_042241145.1,other_prunus,triplet_order_shuffle,sixmer,1.0,1.0,18;22;28;41,,,
GCF_042241145.1,other_prunus,triplet_order_shuffle,compression,1.0,1.0,18;22;28;41,,,
GCF_042241145.1,other_prunus,foreign_segment,composition,1.0,1.0,18;22;28;41,almond,GCF_029962045.1,18:1;22:58;28:44;41:32
GCF_042241145.1,other_prunus,foreign_segment,triplet_distribution,1.0,1.0,18;22;28;41,almond,GCF_029962045.1,18:1;22:58;28:44;41:32
GCF_042241145.1,other_prunus,foreign_segment,pitch_order,1.0,1.0,18;22;28;41,almond,GCF_029962045.1,18:1;22:58;28:44;41:32
GCF_042241145.1,other_prunus,foreign_segment,triplet_transition,1.0,1.0,18;22;28;41,almond,GCF_029962045.1,18:1;22:58;28:44;41:32
GCF_042241145.1,other_prunus,foreign_segment,sixmer,1.0,1.0,18;22;28;41,almond,GCF_029962045.1,18:1;22:58;28:44;41:32
GCF_042241145.1,other_prunus,foreign_segment,compression,1.0,1.0,18;22;28;41,almond,GCF_029962045.1,18:1;22:58;28:44;41:32
GCF_053901235.1,other_prunus,clustered_substitution,composition,1.0,1.0,8;20;36;38,,,
GCF_053901235.1,other_prunus,clustered_substitution,triplet_distribution,1.0,1.0,8;20;36;38,,,
GCF_053901235.1,other_prunus,clustered_substitution,pitch_order,1.0,1.0,8;20;36;38,,,
GCF_053901235.1,other_prunus,clustered_substitution,triplet_transition,1.0,1.0,8;20;36;38,,,
GCF_053901235.1,other_prunus,clustered_substitution,sixmer,1.0,1.0,8;20;36;38,,,
GCF_053901235.1,other_prunus,clustered_substitution,compression,1.0,1.0,8;20;36;38,,,
GCF_053901235.1,other_prunus,triplet_order_shuffle,composition,0.6741071428571429,0.25,8;20;36;38,,,
GCF_053901235.1,other_prunus,triplet_order_shuffle,triplet_distribution,0.6785714285714286,0.25,8;20;36;38,,,
GCF_053901235.1,other_prunus,triplet_order_shuffle,pitch_order,1.0,1.0,8;20;36;38,,,
GCF_053901235.1,other_prunus,triplet_order_shuffle,triplet_transition,1.0,1.0,8;20;36;38,,,
GCF_053901235.1,other_prunus,triplet_order_shuffle,sixmer,1.0,1.0,8;20;36;38,,,
GCF_053901235.1,other_prunus,triplet_order_shuffle,compression,1.0,1.0,8;20;36;38,,,
GCF_053901235.1,other_prunus,foreign_segment,composition,1.0,1.0,8;20;36;38,coffee,GCF_032594475.1,8:36;20:3;36:11;38:47
GCF_053901235.1,other_prunus,foreign_segment,triplet_distribution,1.0,1.0,8;20;36;38,coffee,GCF_032594475.1,8:36;20:3;36:11;38:47
GCF_053901235.1,other_prunus,foreign_segment,pitch_order,1.0,1.0,8;20;36;38,coffee,GCF_032594475.1,8:36;20:3;36:11;38:47
GCF_053901235.1,other_prunus,foreign_segment,triplet_transition,1.0,1.0,8;20;36;38,coffee,GCF_032594475.1,8:36;20:3;36:11;38:47
GCF_053901235.1,other_prunus,foreign_segment,sixmer,1.0,1.0,8;20;36;38,coffee,GCF_032594475.1,8:36;20:3;36:11;38:47
GCF_053901235.1,other_prunus,foreign_segment,compression,1.0,1.0,8;20;36;38,coffee,GCF_032594475.1,8:36;20:3;36:11;38:47
GCF_001456295.2,other_prunus,clustered_substitution,composition,1.0,1.0,9;31;46;49,,,
GCF_001456295.2,other_prunus,clustered_substitution,triplet_distribution,1.0,1.0,9;31;46;49,,,
GCF_001456295.2,other_prunus,clustered_substitution,pitch_order,1.0,1.0,9;31;46;49,,,
GCF_001456295.2,other_prunus,clustered_substitution,triplet_transition,1.0,1.0,9;31;46;49,,,
GCF_001456295.2,other_prunus,clustered_substitution,sixmer,1.0,1.0,9;31;46;49,,,
GCF_001456295.2,other_prunus,clustered_substitution,compression,1.0,1.0,9;31;46;49,,,
GCF_001456295.2,other_prunus,triplet_order_shuffle,composition,0.15625,0.0,9;31;46;49,,,
GCF_001456295.2,other_prunus,triplet_order_shuffle,triplet_distribution,0.15178571428571427,0.0,9;31;46;49,,,
GCF_001456295.2,other_prunus,triplet_order_shuffle,pitch_order,1.0,1.0,9;31;46;49,,,
GCF_001456295.2,other_prunus,triplet_order_shuffle,triplet_transition,1.0,1.0,9;31;46;49,,,
GCF_001456295.2,other_prunus,triplet_order_shuffle,sixmer,1.0,1.0,9;31;46;49,,,
GCF_001456295.2,other_prunus,triplet_order_shuffle,compression,1.0,1.0,9;31;46;49,,,
GCF_001456295.2,other_prunus,foreign_segment,composition,1.0,1.0,9;31;46;49,almond,GCF_029962045.1,9:42;31:18;46:33;49:43
GCF_001456295.2,other_prunus,foreign_segment,triplet_distribution,1.0,1.0,9;31;46;49,almond,GCF_029962045.1,9:42;31:18;46:33;49:43
GCF_001456295.2,other_prunus,foreign_segment,pitch_order,1.0,1.0,9;31;46;49,almond,GCF_029962045.1,9:42;31:18;46:33;49:43
GCF_001456295.2,other_prunus,foreign_segment,triplet_transition,1.0,1.0,9;31;46;49,almond,GCF_029962045.1,9:42;31:18;46:33;49:43
GCF_001456295.2,other_prunus,foreign_segment,sixmer,1.0,1.0,9;31;46;49,almond,GCF_029962045.1,9:42;31:18;46:33;49:43
GCF_001456295.2,other_prunus,foreign_segment,compression,1.0,1.0,9;31;46;49,almond,GCF_029962045.1,9:42;31:18;46:33;49:43
GCF_003515915.2,other_prunus,clustered_substitution,composition,1.0,1.0,9;13;21;27,,,
GCF_003515915.2,other_prunus,clustered_substitution,triplet_distribution,1.0,1.0,9;13;21;27,,,
GCF_003515915.2,other_prunus,clustered_substitution,pitch_order,1.0,1.0,9;13;21;27,,,
GCF_003515915.2,other_prunus,clustered_substitution,triplet_transition,1.0,1.0,9;13;21;27,,,
GCF_003515915.2,other_prunus,clustered_substitution,sixmer,1.0,1.0,9;13;21;27,,,
GCF_003515915.2,other_prunus,clustered_substitution,compression,1.0,1.0,9;13;21;27,,,
GCF_003515915.2,other_prunus,triplet_order_shuffle,composition,0.7678571428571429,0.25,9;13;21;27,,,
GCF_003515915.2,other_prunus,triplet_order_shuffle,triplet_distribution,0.7723214285714286,0.25,9;13;21;27,,,
GCF_003515915.2,other_prunus,triplet_order_shuffle,pitch_order,1.0,1.0,9;13;21;27,,,
GCF_003515915.2,other_prunus,triplet_order_shuffle,triplet_transition,1.0,1.0,9;13;21;27,,,
GCF_003515915.2,other_prunus,triplet_order_shuffle,sixmer,1.0,1.0,9;13;21;27,,,
GCF_003515915.2,other_prunus,triplet_order_shuffle,compression,1.0,1.0,9;13;21;27,,,
GCF_003515915.2,other_prunus,foreign_segment,composition,1.0,1.0,9;13;21;27,olive,GCF_029962065.1,9:42;13:39;21:38;27:51
GCF_003515915.2,other_prunus,foreign_segment,triplet_distribution,1.0,1.0,9;13;21;27,olive,GCF_029962065.1,9:42;13:39;21:38;27:51
GCF_003515915.2,other_prunus,foreign_segment,pitch_order,1.0,1.0,9;13;21;27,olive,GCF_029962065.1,9:42;13:39;21:38;27:51
GCF_003515915.2,other_prunus,foreign_segment,triplet_transition,1.0,1.0,9;13;21;27,olive,GCF_029962065.1,9:42;13:39;21:38;27:51
GCF_003515915.2,other_prunus,foreign_segment,sixmer,1.0,1.0,9;13;21;27,olive,GCF_029962065.1,9:42;13:39;21:38;27:51
GCF_003515915.2,other_prunus,foreign_segment,compression,1.0,1.0,9;13;21;27,olive,GCF_029962065.1,9:42;13:39;21:38;27:51
GCF_015475955.1,other_prunus,clustered_substitution,composition,1.0,1.0,19;28;41;47,,,
GCF_015475955.1,other_prunus,clustered_substitution,triplet_distribution,1.0,1.0,19;28;41;47,,,
GCF_015475955.1,other_prunus,clustered_substitution,pitch_order,1.0,1.0,19;28;41;47,,,
GCF_015475955.1,other_prunus,clustered_substitution,triplet_transition,1.0,1.0,19;28;41;47,,,
GCF_015475955.1,other_prunus,clustered_substitution,sixmer,1.0,1.0,19;28;41;47,,,
GCF_015475955.1,other_prunus,clustered_substitution,compression,1.0,1.0,19;28;41;47,,,
GCF_015475955.1,other_prunus,triplet_order_shuffle,composition,0.6294642857142857,0.0,19;28;41;47,,,
GCF_015475955.1,other_prunus,triplet_order_shuffle,triplet_distribution,0.6339285714285714,0.0,19;28;41;47,,,
GCF_015475955.1,other_prunus,triplet_order_shuffle,pitch_order,1.0,1.0,19;28;41;47,,,
GCF_015475955.1,other_prunus,triplet_order_shuffle,triplet_transition,1.0,1.0,19;28;41;47,,,
GCF_015475955.1,other_prunus,triplet_order_shuffle,sixmer,1.0,1.0,19;28;41;47,,,
GCF_015475955.1,other_prunus,triplet_order_shuffle,compression,1.0,1.0,19;28;41;47,,,
GCF_015475955.1,other_prunus,foreign_segment,composition,1.0,1.0,19;28;41;47,almond,GCF_055959565.1,19:13;28:15;41:4;47:53
GCF_015475955.1,other_prunus,foreign_segment,triplet_distribution,1.0,1.0,19;28;41;47,almond,GCF_055959565.1,19:13;28:15;41:4;47:53
GCF_015475955.1,other_prunus,foreign_segment,pitch_order,1.0,1.0,19;28;41;47,almond,GCF_055959565.1,19:13;28:15;41:4;47:53
GCF_015475955.1,other_prunus,foreign_segment,triplet_transition,1.0,1.0,19;28;41;47,almond,GCF_055959565.1,19:13;28:15;41:4;47:53
GCF_015475955.1,other_prunus,foreign_segment,sixmer,1.0,1.0,19;28;41;47,almond,GCF_055959565.1,19:13;28:15;41:4;47:53
GCF_015475955.1,other_prunus,foreign_segment,compression,1.0,1.0,19;28;41;47,almond,GCF_055959565.1,19:13;28:15;41:4;47:53
GCF_055690575.1,other_prunus,clustered_substitution,composition,1.0,1.0,10;15;22;24,,,
GCF_055690575.1,other_prunus,clustered_substitution,triplet_distribution,1.0,1.0,10;15;22;24,,,
GCF_055690575.1,other_prunus,clustered_substitution,pitch_order,1.0,1.0,10;15;22;24,,,
GCF_055690575.1,other_prunus,clustered_substitution,triplet_transition,1.0,1.0,10;15;22;24,,,
GCF_055690575.1,other_prunus,clustered_substitution,sixmer,1.0,1.0,10;15;22;24,,,
GCF_055690575.1,other_prunus,clustered_substitution,compression,1.0,1.0,10;15;22;24,,,
GCF_055690575.1,other_prunus,triplet_order_shuffle,composition,0.42857142857142855,0.0,10;15;22;24,,,
GCF_055690575.1,other_prunus,triplet_order_shuffle,triplet_distribution,0.42857142857142855,0.0,10;15;22;24,,,
GCF_055690575.1,other_prunus,triplet_order_shuffle,pitch_order,1.0,1.0,10;15;22;24,,,
GCF_055690575.1,other_prunus,triplet_order_shuffle,triplet_transition,1.0,1.0,10;15;22;24,,,
GCF_055690575.1,other_prunus,triplet_order_shuffle,sixmer,1.0,1.0,10;15;22;24,,,
GCF_055690575.1,other_prunus,triplet_order_shuffle,compression,1.0,1.0,10;15;22;24,,,
GCF_055690575.1,other_prunus,foreign_segment,composition,1.0,1.0,10;15;22;24,almond,GCF_055959555.1,10:6;15:30;22:21;24:52
GCF_055690575.1,other_prunus,foreign_segment,triplet_distribution,1.0,1.0,10;15;22;24,almond,GCF_055959555.1,10:6;15:30;22:21;24:52
GCF_055690575.1,other_prunus,foreign_segment,pitch_order,1.0,1.0,10;15;22;24,almond,GCF_055959555.1,10:6;15:30;22:21;24:52
GCF_055690575.1,other_prunus,foreign_segment,triplet_transition,1.0,1.0,10;15;22;24,almond,GCF_055959555.1,10:6;15:30;22:21;24:52
GCF_055690575.1,other_prunus,foreign_segment,sixmer,1.0,1.0,10;15;22;24,almond,GCF_055959555.1,10:6;15:30;22:21;24:52
GCF_055690575.1,other_prunus,foreign_segment,compression,1.0,1.0,10;15;22;24,almond,GCF_055959555.1,10:6;15:30;22:21;24:52
GCF_042243345.1,other_prunus,clustered_substitution,composition,1.0,1.0,19;20;28;54,,,
GCF_042243345.1,other_prunus,clustered_substitution,triplet_distribution,1.0,1.0,19;20;28;54,,,
GCF_042243345.1,other_prunus,clustered_substitution,pitch_order,1.0,1.0,19;20;28;54,,,
GCF_042243345.1,other_prunus,clustered_substitution,triplet_transition,1.0,1.0,19;20;28;54,,,
GCF_042243345.1,other_prunus,clustered_substitution,sixmer,1.0,1.0,19;20;28;54,,,
GCF_042243345.1,other_prunus,clustered_substitution,compression,1.0,1.0,19;20;28;54,,,
GCF_042243345.1,other_prunus,triplet_order_shuffle,composition,0.44642857142857145,0.0,19;20;28;54,,,
GCF_042243345.1,other_prunus,triplet_order_shuffle,triplet_distribution,0.44642857142857145,0.0,19;20;28;54,,,
GCF_042243345.1,other_prunus,triplet_order_shuffle,pitch_order,1.0,1.0,19;20;28;54,,,
GCF_042243345.1,other_prunus,triplet_order_shuffle,triplet_transition,1.0,1.0,19;20;28;54,,,
GCF_042243345.1,other_prunus,triplet_order_shuffle,sixmer,1.0,1.0,19;20;28;54,,,
GCF_042243345.1,other_prunus,triplet_order_shuffle,compression,1.0,1.0,19;20;28;54,,,
GCF_042243345.1,other_prunus,foreign_segment,composition,1.0,1.0,19;20;28;54,coffee,GCF_004016415.2,19:0;20:49;28:20;54:7
GCF_042243345.1,other_prunus,foreign_segment,triplet_distribution,1.0,1.0,19;20;28;54,coffee,GCF_004016415.2,19:0;20:49;28:20;54:7
GCF_042243345.1,other_prunus,foreign_segment,pitch_order,1.0,1.0,19;20;28;54,coffee,GCF_004016415.2,19:0;20:49;28:20;54:7
GCF_042243345.1,other_prunus,foreign_segment,triplet_transition,1.0,1.0,19;20;28;54,coffee,GCF_004016415.2,19:0;20:49;28:20;54:7
GCF_042243345.1,other_prunus,foreign_segment,sixmer,1.0,1.0,19;20;28;54,coffee,GCF_004016415.2,19:0;20:49;28:20;54:7
GCF_042243345.1,other_prunus,foreign_segment,compression,1.0,1.0,19;20;28;54,coffee,GCF_004016415.2,19:0;20:49;28:20;54:7
GCF_028640715.1,other_prunus,clustered_substitution,composition,1.0,1.0,5;28;41;53,,,
GCF_028640715.1,other_prunus,clustered_substitution,triplet_distribution,1.0,1.0,5;28;41;53,,,
GCF_028640715.1,other_prunus,clustered_substitution,pitch_order,1.0,1.0,5;28;41;53,,,
GCF_028640715.1,other_prunus,clustered_substitution,triplet_transition,1.0,1.0,5;28;41;53,,,
GCF_028640715.1,other_prunus,clustered_substitution,sixmer,1.0,1.0,5;28;41;53,,,
GCF_028640715.1,other_prunus,clustered_substitution,compression,1.0,1.0,5;28;41;53,,,
GCF_028640715.1,other_prunus,triplet_order_shuffle,composition,0.5223214285714286,0.0,5;28;41;53,,,
GCF_028640715.1,other_prunus,triplet_order_shuffle,triplet_distribution,0.5267857142857143,0.0,5;28;41;53,,,
GCF_028640715.1,other_prunus,triplet_order_shuffle,pitch_order,1.0,1.0,5;28;41;53,,,
GCF_028640715.1,other_prunus,triplet_order_shuffle,triplet_transition,1.0,1.0,5;28;41;53,,,
GCF_028640715.1,other_prunus,triplet_order_shuffle,sixmer,1.0,1.0,5;28;41;53,,,
GCF_028640715.1,other_prunus,triplet_order_shuffle,compression,1.0,1.0,5;28;41;53,,,
GCF_028640715.1,other_prunus,foreign_segment,composition,1.0,1.0,5;28;41;53,grapevine,GCF_028227275.1,5:32;28:25;41:55;53:20
GCF_028640715.1,other_prunus,foreign_segment,triplet_distribution,1.0,1.0,5;28;41;53,grapevine,GCF_028227275.1,5:32;28:25;41:55;53:20
GCF_028640715.1,other_prunus,foreign_segment,pitch_order,1.0,1.0,5;28;41;53,grapevine,GCF_028227275.1,5:32;28:25;41:55;53:20
GCF_028640715.1,other_prunus,foreign_segment,triplet_transition,1.0,1.0,5;28;41;53,grapevine,GCF_028227275.1,5:32;28:25;41:55;53:20
GCF_028640715.1,other_prunus,foreign_segment,sixmer,1.0,1.0,5;28;41;53,grapevine,GCF_028227275.1,5:32;28:25;41:55;53:20
GCF_028640715.1,other_prunus,foreign_segment,compression,1.0,1.0,5;28;41;53,grapevine,GCF_028227275.1,5:32;28:25;41:55;53:20
