accession_a,accession_b,minhash_jaccard_21mer
GCF_042239055.1,GCF_042238405.1,0.3179959100204499
GCF_028227635.1,GCF_055766035.1,0.24081632653061225
GCF_055959565.1,GCF_055959555.1,0.22587651256593236
GCF_042239545.1,GCF_042237735.1,0.22461246440999683
GCF_055959565.1,GCF_055959275.1,0.2188365650969529
GCF_042239055.1,GCF_042239545.1,0.21057542768273718
GCF_032594475.1,GCF_032594455.1,0.18315347721822542
GCF_055959565.1,GCF_004023395.2,0.18225276366895726
GCF_042239545.1,GCF_042237065.1,0.182095006090134
GCF_012974125.1,GCF_012974145.1,0.17569589943130798
GCF_021459925.1,GCF_055766035.1,0.17330558858501782
GCF_042239545.1,GCF_042238405.1,0.17311178247734138
GCF_042238405.1,GCF_042237065.1,0.17198419933151018
GCF_055766035.1,GCF_050157125.1,0.16848950635530593
GCF_012974125.1,GCF_042237735.1,0.16807483403741702
GCF_042239055.1,GCF_042237735.1,0.16430081546360617
GCF_028227275.1,GCF_055764455.1,0.16389054134443784
GCF_055766035.1,GCF_053901445.1,0.1601057579318449
GCF_042239055.1,GCF_015475955.1,0.15819041986989946
GCF_050157125.1,GCF_003515915.2,0.15692577440093514
GCF_055959275.1,GCF_012974105.1,0.15268505079825834
GCF_055690575.1,GCF_042243345.1,0.14848573948838578
GCF_055959555.1,GCF_012974105.1,0.14840579710144927
GCF_021459925.1,GCF_028227635.1,0.1473929507719196
GCF_028227635.1,GCF_053901445.1,0.14730713245997087
GCF_055959275.1,GCF_015475955.1,0.14579114839456175
GCF_042238405.1,GCF_042237735.1,0.14498362607919024
GCF_012974105.1,GCF_015475955.1,0.14450533602538218
GCF_014249995.1,GCF_003515915.2,0.14326895358893052
GCF_014249995.1,GCF_028891345.1,0.14298068607667916
GCF_055766035.1,GCF_003515915.2,0.14261019878997408
GCF_028227635.1,GCF_003515915.2,0.14227994227994228
GCF_053901445.1,GCF_050157125.1,0.1416159860990443
GCF_028227275.1,GCF_050157125.1,0.14033564814814814
GCF_014249995.1,GCF_050157125.1,0.14017882895875397
GCF_055959275.1,GCF_055959555.1,0.13944108326130797
GCF_029962045.1,GCF_029962065.1,0.13860252004581902
GCF_042239545.1,GCF_012974145.1,0.13855072463768117
GCF_004023395.2,GCF_012974105.1,0.13696275071633238
GCF_012974125.1,GCF_015475955.1,0.13506493506493505
GCF_028227635.1,GCF_050157125.1,0.13492520138089759
GCF_028891345.1,GCF_053901445.1,0.13392601089761974
GCF_014249995.1,GCF_053901445.1,0.13346727898966704
GCF_042239545.1,GCF_012974125.1,0.13308205276891852
GCF_055959565.1,GCF_042243345.1,0.13264129181084197
GCF_028891345.1,GCF_003515915.2,0.13262977752424415
GCF_021459925.1,GCF_053901445.1,0.13070956621660443
GCF_042239055.1,GCF_055959565.1,0.1298326601269475
GCF_042239055.1,GCF_012974125.1,0.1290977661734842
GCF_055959275.1,GCF_004023395.2,0.12752633077142045
GCF_028891345.1,GCF_055764455.1,0.12736660929432014
GCF_042239545.1,GCF_055959555.1,0.12586009174311927
GCF_028227275.1,GCF_055766035.1,0.12574850299401197
GCF_055959555.1,GCF_042243345.1,0.1253585771658061
GCF_042239545.1,GCF_055959565.1,0.12535775615340583
GCF_053901445.1,GCF_028226975.1,0.12392918332381496
GCF_029962025.1,GCF_001456295.2,0.1238311136299235
GCF_021459925.1,GCF_050157125.1,0.12378779235596121
GCF_042239055.1,GCF_004023395.2,0.1236374067699369
GCF_012974125.1,GCF_012974105.1,0.12208309618668184
GCF_004023395.2,GCF_042237735.1,0.1217967175352721
GCF_053901235.1,GCF_015475955.1,0.12143462298785654
GCF_055959275.1,GCF_012974125.1,0.12104813443463401
GCF_004023395.2,GCF_042243345.1,0.12001140250855188
GCF_042239055.1,GCF_055959275.1,0.12
GCF_014249995.1,GCF_055764455.1,0.11759681093394077
GCF_055764455.1,GCF_050157125.1,0.11719418306244654
GCF_055959275.1,GCF_042237735.1,0.1171919770773639
GCF_012974105.1,GCF_055690575.1,0.11535199321458864
GCF_012974105.1,GCF_042237065.1,0.11500142328494165
GCF_014249995.1,GCF_028227275.1,0.11493928268850608
GCF_012974145.1,GCF_042237065.1,0.11453870322764924
GCF_042238405.1,GCF_012974125.1,0.1145235361653272
GCF_055959565.1,GCF_042238405.1,0.11405759908753921
GCF_028891345.1,GCF_028226975.1,0.11355311355311355
GCF_042238405.1,GCF_012974145.1,0.11291702309666382
GCF_042239055.1,GCF_055959555.1,0.11266002844950214
GCF_042238405.1,GCF_015475955.1,0.11243951038998007
GCF_028226975.1,GCF_003515915.2,0.1119549929676512
GCF_004023395.2,GCF_012974125.1,0.11133088443063012
GCF_028227635.1,GCF_028226975.1,0.11114245416078984
GCF_042237065.1,GCF_053901235.1,0.11079625956361576
GCF_053901445.1,GCF_055764455.1,0.11066969353007945
GCF_028891345.1,GCF_050157125.1,0.11023842917251052
GCF_012974105.1,GCF_053901235.1,0.11015058561070831
GCF_042239055.1,GCF_012974105.1,0.10994912379875636
GCF_042238405.1,GCF_012974105.1,0.10991501416430595
GCF_012974105.1,GCF_042237735.1,0.10934393638170974
GCF_002954205.1,GCF_053901285.1,0.10844717033732924
GCF_028227275.1,GCF_003515915.2,0.10818385650224215
GCF_053901445.1,GCF_003515915.2,0.10753290394847381
GCF_055766035.1,GCF_028226975.1,0.1074635241301908
GCF_055959555.1,GCF_042237735.1,0.10731568460005693
GCF_042239545.1,GCF_042241145.1,0.10703191188929681
GCF_004023395.2,GCF_012974145.1,0.10697283674040885
GCF_055959555.1,GCF_042238405.1,0.10695035460992908
GCF_055959275.1,GCF_042238405.1,0.10667798528579513
GCF_011801475.1,GCF_050157125.1,0.1063532045899804
GCF_004023395.2,GCF_015475955.1,0.10589550153674211
GCF_042238405.1,GCF_042243345.1,0.10575826681870011
GCF_053901445.1,GCF_032594455.1,0.10544026920919798
GCF_021459925.1,GCF_003515915.2,0.10542505592841163
GCF_042239545.1,GCF_015475955.1,0.10539629005059022
GCF_055959555.1,GCF_012974125.1,0.10526315789473684
GCF_004016415.2,GCF_032594475.1,0.10477787091366303
GCF_050157125.1,GCF_032594455.1,0.10408505875769446
GCF_021459925.1,GCF_014249995.1,0.10405594405594405
GCF_029962045.1,GCF_001456295.2,0.10399334442595674
GCF_055959555.1,GCF_004023395.2,0.10391061452513967
GCF_002117875.1,GCF_002954205.1,0.10384934921074494
GCF_015475955.1,GCF_055690575.1,0.10378681626928471
GCF_042239545.1,GCF_055959275.1,0.10375771172181716
GCF_012974125.1,GCF_042243345.1,0.10344827586206896
GCF_021459925.1,GCF_028891345.1,0.10329424902289223
GCF_028227275.1,GCF_028891345.1,0.10326542003907341
GCF_012974145.1,GCF_053901235.1,0.10227904391328516
GCF_042239055.1,GCF_042237065.1,0.10142450142450142
GCF_012974125.1,GCF_042237065.1,0.10002833663927459
GCF_042237735.1,GCF_053901235.1,0.09988745075970737
GCF_053901235.1,GCF_055690575.1,0.09972144846796657
GCF_012974105.1,GCF_042243345.1,0.09966499162479062
GCF_055766035.1,GCF_032594475.1,0.09955506117908787
GCF_012974145.1,GCF_055690575.1,0.09899328859060402
GCF_004023395.2,GCF_042238405.1,0.09898762654668167
GCF_042239545.1,GCF_042243345.1,0.09848058525604952
GCF_055959555.1,GCF_015475955.1,0.09838799332962757
GCF_002117875.1,GCF_048564955.1,0.09834254143646409
GCF_042239545.1,GCF_012974105.1,0.09832869080779945
GCF_042238405.1,GCF_053901235.1,0.09831932773109243
GCF_042237065.1,GCF_042243345.1,0.09827244406683659
GCF_012974125.1,GCF_053901235.1,0.09824659059281937
GCF_004023395.2,GCF_055690575.1,0.09824169690203739
GCF_028227635.1,GCF_028891345.1,0.09794672586015539
GCF_001456195.2,GCF_001456295.2,0.09793103448275862
GCF_028227275.1,GCF_053901445.1,0.09788064696040157
GCF_004023395.2,GCF_053901235.1,0.09787116394802323
GCF_012974145.1,GCF_015475955.1,0.09775062482643711
GCF_055764455.1,GCF_032594455.1,0.09747899159663866
GCF_055766035.1,GCF_028891345.1,0.09742596180459452
GCF_053901285.1,GCF_001456295.2,0.09715705216671267
GCF_055959565.1,GCF_015475955.1,0.09703354588300526
GCF_028227275.1,GCF_032594475.1,0.09682804674457429
GCF_028227275.1,GCF_028226975.1,0.09671125975473802
GCF_028227635.1,GCF_055764455.1,0.09627763783935069
GCF_055959565.1,GCF_012974105.1,0.09585635359116022
GCF_055959275.1,GCF_055690575.1,0.09571508069003895
GCF_021459925.1,GCF_011801475.1,0.09517203107658158
GCF_032594475.1,GCF_003515915.2,0.09513274336283185
GCF_042239055.1,GCF_012974145.1,0.09457190822607722
GCF_055959565.1,GCF_042241145.1,0.09433962264150944
GCF_004016315.2,GCF_053901445.1,0.09390581717451524
GCF_002117875.1,GCF_053901285.1,0.09386182218552161
GCF_042237065.1,GCF_055690575.1,0.09377640101379893
GCF_050157125.1,GCF_028226975.1,0.09353316680543991
GCF_055959565.1,GCF_012974145.1,0.09352517985611511
GCF_055959565.1,GCF_053901235.1,0.09336270999724594
GCF_053901445.1,GCF_053901235.1,0.09329285122826388
GCF_028227275.1,GCF_032594455.1,0.09320388349514563
GCF_055959275.1,GCF_012974145.1,0.09311964631113567
GCF_021459925.1,GCF_028227275.1,0.09305555555555556
GCF_053901235.1,GCF_003515915.2,0.0925569898379566
GCF_021459925.1,GCF_028226975.1,0.09247431269091919
GCF_002954205.1,GCF_001456295.2,0.09232876712328768
GCF_055959555.1,GCF_042241145.1,0.09204324923759356
GCF_042237735.1,GCF_055690575.1,0.09160090191657272
GCF_032594475.1,GCF_053901235.1,0.09135938359933957
GCF_029962025.1,GCF_053901285.1,0.09133554083885209
GCF_042238405.1,GCF_042241145.1,0.09103641456582633
GCF_012974145.1,GCF_012974105.1,0.09053384700055035
GCF_042237735.1,GCF_042243345.1,0.09021708486044544
GCF_014249995.1,GCF_028226975.1,0.08882758620689656
GCF_042237735.1,GCF_015475955.1,0.08857222687901649
GCF_028227635.1,GCF_032594475.1,0.08855172413793104
GCF_012974105.1,GCF_003515915.2,0.0884446878422782
GCF_032594455.1,GCF_003515915.2,0.0873386432298819
GCF_055766035.1,GCF_053901235.1,0.08702791461412152
GCF_055959275.1,GCF_042241145.1,0.08700440528634361
GCF_014249995.1,GCF_032594455.1,0.08688479516084685
GCF_055764455.1,GCF_042237065.1,0.08639551192145863
GCF_055959275.1,GCF_042237065.1,0.08611111111111111
GCF_011801475.1,GCF_055764455.1,0.08605423353624793
GCF_004023395.2,GCF_042241145.1,0.08498349834983498
GCF_055764455.1,GCF_032594475.1,0.08469415997785773
GCF_042239055.1,GCF_042243345.1,0.08451882845188284
GCF_055959565.1,GCF_042237735.1,0.08435412026726058
GCF_014249995.1,GCF_055766035.1,0.08433734939759036
GCF_014249995.1,GCF_032594475.1,0.08417877707704963
GCF_029962025.1,GCF_002954205.1,0.08417600437277944
GCF_042241145.1,GCF_042243345.1,0.08386382507611403
GCF_055959275.1,GCF_042243345.1,0.08379272326350606
GCF_028891345.1,GCF_032594455.1,0.08378970427163199
GCF_028227275.1,GCF_053901235.1,0.08374384236453201
GCF_055766035.1,GCF_011801475.1,0.08374384236453201
GCF_053901445.1,GCF_015475955.1,0.08342480790340286
GCF_028227635.1,GCF_014249995.1,0.08303644834201152
GCF_029962065.1,GCF_048564955.1,0.08287895310796074
GCF_028891345.1,GCF_032594475.1,0.08258135083401695
GCF_029962065.1,GCF_001456295.2,0.08238172920065252
GCF_029962045.1,GCF_002954205.1,0.0823593367762979
GCF_029962065.1,GCF_053901285.1,0.08233369683751363
GCF_014249995.1,GCF_042237065.1,0.08224868457491
GCF_012974145.1,GCF_042241145.1,0.08182317408017573
GCF_004023395.2,GCF_042237065.1,0.08167220376522702
GCF_042237065.1,GCF_015475955.1,0.08167220376522702
GCF_029962025.1,GCF_002117875.1,0.08156028368794327
GCF_021459925.1,GCF_032594455.1,0.08152621465824869
GCF_015475955.1,GCF_042243345.1,0.08117776554760595
GCF_032594455.1,GCF_053901235.1,0.08097055616139585
GCF_029962045.1,GCF_048564955.1,0.08081632653061224
GCF_050157125.1,GCF_012974145.1,0.0807776560788609
GCF_032594455.1,GCF_028226975.1,0.08063631376851343
GCF_028891345.1,GCF_042238405.1,0.08061844284925455
GCF_028227635.1,GCF_032594455.1,0.08052588331963846
GCF_028227275.1,GCF_012974125.1,0.08044077134986226
GCF_042237735.1,GCF_042241145.1,0.08041179744017807
GCF_032594475.1,GCF_028226975.1,0.08031798245614036
GCF_053901445.1,GCF_042237065.1,0.08009977827050997
GCF_053901445.1,GCF_012974105.1,0.07994542974079127
GCF_055959275.1,GCF_053901235.1,0.07989130434782608
GCF_028227635.1,GCF_053901235.1,0.07981476436938165
GCF_003515915.2,GCF_015475955.1,0.07979302832244009
GCF_014249995.1,GCF_012974125.1,0.07958287596048298
GCF_042238405.1,GCF_055690575.1,0.07946651847735482
GCF_021459925.1,GCF_012974105.1,0.07939972714870396
GCF_048564955.1,GCF_001456295.2,0.07924016282225238
GCF_012974145.1,GCF_042243345.1,0.07920792079207921
GCF_028227635.1,GCF_012974145.1,0.07902652447361225
GCF_055959555.1,GCF_012974145.1,0.07900492072170585
GCF_053901445.1,GCF_032594475.1,0.07879616963064295
GCF_042239545.1,GCF_053901235.1,0.07873154729360306
GCF_029962065.1,GCF_001456195.2,0.07869742198100407
GCF_055766035.1,GCF_032594455.1,0.07858117326057298
GCF_050157125.1,GCF_032594475.1,0.07841530054644809
GCF_055959555.1,GCF_003515915.2,0.07815904139433551
GCF_053901445.1,GCF_042239055.1,0.07809050772626931
GCF_055959555.1,GCF_042237065.1,0.07792207792207792
GCF_011801475.1,GCF_003515915.2,0.07771739130434782
GCF_042239545.1,GCF_050157125.1,0.07766190998902305
GCF_029962065.1,GCF_002954205.1,0.07738095238095238
GCF_055764455.1,GCF_055690575.1,0.07732670533001933
GCF_012974145.1,GCF_003515915.2,0.07725788900979326
GCF_055959565.1,GCF_055690575.1,0.07721796276013143
GCF_028891345.1,GCF_042239055.1,0.0771554091158704
GCF_053901445.1,GCF_042239545.1,0.0771554091158704
GCF_014249995.1,GCF_042239545.1,0.07692307692307693
GCF_055764455.1,GCF_028226975.1,0.07679603633360858
GCF_012974125.1,GCF_032594475.1,0.07675438596491228
GCF_053901445.1,GCF_012974145.1,0.07673402512288367
GCF_028227635.1,GCF_015475955.1,0.07656675749318802
GCF_042239055.1,GCF_053901235.1,0.07641741988496302
GCF_050157125.1,GCF_042237735.1,0.07607192254495158
GCF_021459925.1,GCF_042237065.1,0.07596685082872928
GCF_021459925.1,GCF_042238405.1,0.07594587130626898
GCF_042238405.1,GCF_028226975.1,0.07594587130626898
GCF_001456195.2,GCF_053901285.1,0.07590132827324478
GCF_021459925.1,GCF_053901235.1,0.07581521739130435
GCF_055959565.1,GCF_042237065.1,0.07573671164968328
GCF_055959565.1,GCF_012974125.1,0.07549234135667396
GCF_055766035.1,GCF_055959275.1,0.07546145494028231
GCF_042239055.1,GCF_028226975.1,0.07546130542550261
GCF_021459925.1,GCF_042239545.1,0.07542512342292924
GCF_055959275.1,GCF_003515915.2,0.07533875338753387
GCF_028227275.1,GCF_042237735.1,0.07528369775809576
GCF_014249995.1,GCF_053901235.1,0.0752571737953438
GCF_042237065.1,GCF_032594455.1,0.07524807056229327
GCF_029962045.1,GCF_029962025.1,0.0751900108577633
GCF_002117875.1,GCF_001456195.2,0.07511483382869495
GCF_042239055.1,GCF_055690575.1,0.07509663169519602
GCF_050157125.1,GCF_042237065.1,0.074951777349132
GCF_055764455.1,GCF_042237735.1,0.07486779849707766
GCF_053901445.1,GCF_012974125.1,0.0747945205479452
GCF_021459925.1,GCF_055764455.1,0.07472527472527472
GCF_028891345.1,GCF_042243345.1,0.07454942654287275
GCF_055959275.1,GCF_050157125.1,0.07443629448519425
GCF_055959555.1,GCF_055690575.1,0.07437790538692918
GCF_042237065.1,GCF_032594475.1,0.07433920704845814
GCF_028227275.1,GCF_015475955.1,0.07430593358737071
GCF_028227275.1,GCF_042239055.1,0.07425742574257425
GCF_055766035.1,GCF_015475955.1,0.07406402604449268
GCF_028227635.1,GCF_012974125.1,0.07385120350109409
GCF_021459925.1,GCF_015475955.1,0.07374149659863946
GCF_012974145.1,GCF_028226975.1,0.07354944156905475
GCF_028227635.1,GCF_042237065.1,0.07349298100743187
GCF_012974145.1,GCF_032594455.1,0.07342942616263258
GCF_021459925.1,GCF_012974125.1,0.07336435806186696
GCF_002954205.1,GCF_001456195.2,0.07333513076300889
GCF_055764455.1,GCF_015475955.1,0.07330415754923414
GCF_050157125.1,GCF_012974125.1,0.07324405575293796
GCF_053901445.1,GCF_042238405.1,0.07323788546255507
GCF_050157125.1,GCF_053901235.1,0.07307171853856563
GCF_050157125.1,GCF_015475955.1,0.0730382840076025
GCF_042239545.1,GCF_055764455.1,0.07292239955971382
GCF_002954205.1,GCF_048564955.1,0.07281553398058252
GCF_055959565.1,GCF_055764455.1,0.07273721629751162
GCF_029962065.1,GCF_002117875.1,0.07248720021557532
GCF_028891345.1,GCF_012974125.1,0.07242036482439423
GCF_014249995.1,GCF_012974105.1,0.07241286138881384
GCF_042239545.1,GCF_032594475.1,0.07234507234507234
GCF_055764455.1,GCF_012974125.1,0.07233223322332233
GCF_042239545.1,GCF_004023395.2,0.0722464558342421
GCF_055766035.1,GCF_012974125.1,0.07222676478604524
GCF_042239055.1,GCF_003515915.2,0.07213114754098361
GCF_014249995.1,GCF_012974145.1,0.07212581344902386
GCF_029962025.1,GCF_048564955.1,0.07206719046328908
GCF_029962025.1,GCF_029962065.1,0.07198917456021652
GCF_055959555.1,GCF_053901235.1,0.07191132738577995
GCF_042239545.1,GCF_032594455.1,0.07177947598253274
GCF_028227275.1,GCF_012974145.1,0.07177814029363784
GCF_042237065.1,GCF_003515915.2,0.07174151150054764
GCF_014249995.1,GCF_004023395.2,0.07173795343800758
GCF_028891345.1,GCF_015475955.1,0.07164098404974317
GCF_055764455.1,GCF_053901235.1,0.07158410451823626
GCF_042238405.1,GCF_003515915.2,0.07142857142857142
GCF_012974145.1,GCF_032594475.1,0.07137042062415197
GCF_011801475.1,GCF_053901445.1,0.07135105805751492
GCF_012974125.1,GCF_042241145.1,0.0713309647444657
GCF_048564955.1,GCF_001469345.1,0.07131324004305704
GCF_028891345.1,GCF_055959275.1,0.07129354577369701
GCF_042241145.1,GCF_053901235.1,0.07117726657645466
GCF_004016315.2,GCF_004016415.2,0.07113876115769543
GCF_032594475.1,GCF_055690575.1,0.07113654946852004
GCF_028227275.1,GCF_042239545.1,0.070999453850355
GCF_011801475.1,GCF_004016415.2,0.07084910762574365
GCF_042239055.1,GCF_042241145.1,0.07076247942951179
GCF_042239545.1,GCF_028226975.1,0.07072637902785363
GCF_055766035.1,GCF_012974105.1,0.07067709738332884
GCF_028227635.1,GCF_028227275.1,0.07065217391304347
GCF_053901445.1,GCF_055690575.1,0.0706492089470813
GCF_011801475.1,GCF_032594455.1,0.07040346601678851
GCF_021459925.1,GCF_032594475.1,0.07034220532319392
GCF_050157125.1,GCF_012974105.1,0.07023230686115613
GCF_055764455.1,GCF_012974105.1,0.07018498367791078
GCF_021459925.1,GCF_012974145.1,0.07005158837903883
GCF_055764455.1,GCF_012974145.1,0.06988806988806989
GCF_012974125.1,GCF_003515915.2,0.06978007059462395
GCF_042237735.1,GCF_028226975.1,0.06967777471770863
GCF_028227275.1,GCF_011801475.1,0.06962882687618531
GCF_055766035.1,GCF_042239055.1,0.06961506961506962
GCF_028226975.1,GCF_053901235.1,0.06942193408968125
GCF_028227275.1,GCF_055959555.1,0.06918068366793272
GCF_050157125.1,GCF_042238405.1,0.06904109589041096
GCF_004016315.2,GCF_003515915.2,0.06900269541778976
GCF_042239545.1,GCF_003515915.2,0.06890938686923494
GCF_028891345.1,GCF_012974145.1,0.06884449244060475
GCF_028891345.1,GCF_053901235.1,0.06879871002418704
GCF_028891345.1,GCF_042237735.1,0.06874828814023555
GCF_028227275.1,GCF_055959275.1,0.06872294372294373
GCF_042237735.1,GCF_032594475.1,0.068662455369404
GCF_029962025.1,GCF_001456195.2,0.06853750674581759
GCF_055766035.1,GCF_042243345.1,0.06851549755301795
GCF_012974105.1,GCF_032594455.1,0.06850053937432578
GCF_053901445.1,GCF_004023395.2,0.06847090663058186
GCF_053901445.1,GCF_042237735.1,0.06846301897167996
GCF_021459925.1,GCF_042241145.1,0.06845965770171149
GCF_032594455.1,GCF_015475955.1,0.06839686401730197
GCF_028227635.1,GCF_042243345.1,0.06837374012530646
GCF_032594455.1,GCF_055690575.1,0.06824361065796629
GCF_028227635.1,GCF_012974105.1,0.06823085221143474
GCF_012974105.1,GCF_032594475.1,0.06819407008086253
GCF_055766035.1,GCF_042237065.1,0.06805138015851325
GCF_042237065.1,GCF_042241145.1,0.06801974766867801
GCF_042237735.1,GCF_003515915.2,0.06785225718194254
GCF_021459925.1,GCF_042243345.1,0.0675933496865631
GCF_028227635.1,GCF_042238405.1,0.06730506155950752
GCF_028226975.1,GCF_055690575.1,0.06719260065288357
GCF_028227275.1,GCF_055690575.1,0.06717432689692684
GCF_004016315.2,GCF_021474225.1,0.06713589604764483
GCF_028891345.1,GCF_055959555.1,0.06713399838231329
GCF_055766035.1,GCF_042237735.1,0.06708652792990143
GCF_021459925.1,GCF_055959565.1,0.06708141736543143
GCF_055766035.1,GCF_055690575.1,0.06695581458389807
GCF_028227275.1,GCF_012974105.1,0.0668643839309787
GCF_028227275.1,GCF_004016315.2,0.0667387192650635
GCF_055766035.1,GCF_042239545.1,0.06670281995661605
GCF_014249995.1,GCF_055959555.1,0.06664867781975176
GCF_055766035.1,GCF_012974145.1,0.06663069867817642
GCF_003515915.2,GCF_055690575.1,0.06655844155844155
GCF_028891345.1,GCF_004023395.2,0.06645143933279526
GCF_053901445.1,GCF_055959275.1,0.06639676113360324
GCF_028227635.1,GCF_011801475.1,0.06637884511602807
GCF_004023395.2,GCF_032594475.1,0.0663609387644996
GCF_014249995.1,GCF_042238405.1,0.0662847790507365
GCF_014249995.1,GCF_055959565.1,0.06627155172413793
GCF_042239055.1,GCF_050157125.1,0.06624863685932388
GCF_014249995.1,GCF_055690575.1,0.06608884073672806
GCF_055959555.1,GCF_050157125.1,0.06591031874662345
GCF_004023395.2,GCF_003515915.2,0.06586021505376344
GCF_053901445.1,GCF_042243345.1,0.06581452270872994
GCF_029962045.1,GCF_053901285.1,0.06577181208053691
GCF_042241145.1,GCF_055690575.1,0.06576086956521739
GCF_014249995.1,GCF_015475955.1,0.06567967698519515
GCF_021459925.1,GCF_004023395.2,0.0656224682689711
GCF_028891345.1,GCF_042241145.1,0.06553398058252427
GCF_042238405.1,GCF_032594475.1,0.06552006552006552
GCF_002117875.1,GCF_001456295.2,0.06550802139037433
GCF_032594475.1,GCF_015475955.1,0.06549865229110512
GCF_012974105.1,GCF_042241145.1,0.06546336206896551
GCF_014249995.1,GCF_055959275.1,0.06534014520032266
GCF_004023395.2,GCF_055764455.1,0.06514657980456026
GCF_053901445.1,GCF_055959565.1,0.0650296815974096
GCF_021459925.1,GCF_055959275.1,0.06499460625674218
GCF_021459925.1,GCF_042237735.1,0.06498491911159858
GCF_012974125.1,GCF_028226975.1,0.06491037479630636
GCF_012974145.1,GCF_042237735.1,0.06486042692939245
GCF_032594475.1,GCF_042243345.1,0.06485753052917231
GCF_055766035.1,GCF_042238405.1,0.06483247071642605
GCF_014249995.1,GCF_042237735.1,0.06475409836065574
GCF_055959555.1,GCF_032594475.1,0.06474237928243863
GCF_055764455.1,GCF_004016415.2,0.06455112557634933
GCF_028227275.1,GCF_042237065.1,0.06448087431693988
GCF_012974125.1,GCF_055690575.1,0.06423516603157321
GCF_028891345.1,GCF_042237065.1,0.06418275768289367
GCF_028227275.1,GCF_042238405.1,0.06417258328782087
GCF_055959555.1,GCF_055764455.1,0.06409560021727322
GCF_055766035.1,GCF_055959555.1,0.06406460296096904
GCF_042239545.1,GCF_055690575.1,0.06394557823129252
GCF_004016315.2,GCF_028891345.1,0.06385833109739737
GCF_042238405.1,GCF_032594455.1,0.06379498364231188
GCF_055764455.1,GCF_042238405.1,0.06370126304228446
GCF_029962045.1,GCF_001456195.2,0.06340288924558588
GCF_014249995.1,GCF_004016415.2,0.06337271750805586
GCF_012974125.1,GCF_032594455.1,0.06336311941510966
GCF_050157125.1,GCF_042241145.1,0.06315789473684211
GCF_028227635.1,GCF_042237735.1,0.06314926189174412
GCF_032594455.1,GCF_042243345.1,0.06314363143631437
GCF_055764455.1,GCF_021474225.1,0.06284004352557128
GCF_004023395.2,GCF_050157125.1,0.06265125033611185
GCF_004023395.2,GCF_028640715.1,0.06265060240963856
GCF_021459925.1,GCF_042239055.1,0.06258503401360545
GCF_028891345.1,GCF_055690575.1,0.06255055270962524
GCF_004016315.2,GCF_042241145.1,0.06246634356488961
GCF_004023395.2,GCF_028226975.1,0.06246634356488961
GCF_004016315.2,GCF_028226975.1,0.06216361679224973
GCF_014249995.1,GCF_042239055.1,0.062076443480618054
GCF_055959565.1,GCF_028226975.1,0.06191117092866756
GCF_028227275.1,GCF_055959565.1,0.06189451022604951
GCF_042237065.1,GCF_028226975.1,0.061886586695747
GCF_028227275.1,GCF_042241145.1,0.06180836707152497
GCF_012974105.1,GCF_028226975.1,0.06172839506172839
GCF_050157125.1,GCF_042243345.1,0.061705006765899864
GCF_055766035.1,GCF_055959565.1,0.06169527896995708
GCF_042237735.1,GCF_032594455.1,0.06168122270742358
GCF_014249995.1,GCF_011801475.1,0.06166219839142091
GCF_055959275.1,GCF_055764455.1,0.06163828061638281
GCF_042239055.1,GCF_055764455.1,0.06150902132312739
GCF_042237735.1,GCF_042237065.1,0.061275186309688104
GCF_055959565.1,GCF_032594475.1,0.061224489795918366
GCF_004023395.2,GCF_032594455.1,0.061224489795918366
GCF_028227635.1,GCF_042239545.1,0.06108108108108108
GCF_028891345.1,GCF_021474225.1,0.061021505376344085
GCF_028891345.1,GCF_042239545.1,0.06086722326959332
GCF_021474225.1,GCF_004016415.2,0.06081808396124865
GCF_011801475.1,GCF_004016315.2,0.06080900080364318
GCF_028227635.1,GCF_004023395.2,0.060671140939597315
GCF_021459925.1,GCF_055959555.1,0.06056527590847914
GCF_028226975.1,GCF_042241145.1,0.0603936370989485
GCF_055766035.1,GCF_004023395.2,0.06025709694697375
GCF_028891345.1,GCF_055959565.1,0.06019261637239166
GCF_011801475.1,GCF_028226975.1,0.060166532366371206
GCF_028227635.1,GCF_055959565.1,0.06011808910359635
GCF_055959555.1,GCF_028226975.1,0.05999461931665322
GCF_028227635.1,GCF_042239055.1,0.059907834101382486
GCF_042239055.1,GCF_032594475.1,0.059875372527770254
GCF_028226975.1,GCF_042243345.1,0.059794372294372296
GCF_042237065.1,GCF_004016415.2,0.0593656817565736
GCF_014249995.1,GCF_042241145.1,0.05932885906040269
GCF_055959555.1,GCF_032594455.1,0.05932885906040269
GCF_004016415.2,GCF_028226975.1,0.05931293612453033
GCF_055959565.1,GCF_050157125.1,0.05924932975871314
GCF_053901445.1,GCF_042241145.1,0.059219380888290714
GCF_021474225.1,GCF_042241145.1,0.05876010781671159
GCF_042239055.1,GCF_032594455.1,0.058743909041689225
GCF_055764455.1,GCF_042243345.1,0.05871160641478663
GCF_032594455.1,GCF_042241145.1,0.05858640150497178
GCF_028226975.1,GCF_015475955.1,0.05847639484978541
GCF_028227635.1,GCF_042241145.1,0.0583176565439398
GCF_042241145.1,GCF_003515915.2,0.05809906291834003
GCF_004016415.2,GCF_032594455.1,0.05808351177730193
GCF_050157125.1,GCF_021474225.1,0.05808012906695348
GCF_011801475.1,GCF_032594475.1,0.05806796895905807
GCF_028227275.1,GCF_042243345.1,0.05806103159600324
GCF_055766035.1,GCF_055764455.1,0.057951482479784364
GCF_021459925.1,GCF_021474225.1,0.05788906838987615
GCF_011801475.1,GCF_042239055.1,0.05777537796976242
GCF_028891345.1,GCF_012974105.1,0.0577588501463934
GCF_055764455.1,GCF_003515915.2,0.05728886498117267
GCF_028227635.1,GCF_055959275.1,0.0572192513368984
GCF_004016415.2,GCF_042241145.1,0.05705866595231717
GCF_001456195.2,GCF_048564955.1,0.05696034069736492
GCF_003515915.2,GCF_042243345.1,0.05636070853462158
GCF_021459925.1,GCF_055690575.1,0.05598923283983849
GCF_028227635.1,GCF_055959555.1,0.05594218415417559
GCF_042238405.1,GCF_028640715.1,0.055765086206896554
GCF_028227635.1,GCF_004016315.2,0.05555555555555555
GCF_050157125.1,GCF_055690575.1,0.05533172172978781
GCF_028227275.1,GCF_004016415.2,0.055050774986638164
GCF_011801475.1,GCF_012974145.1,0.05496264674493063
GCF_042237065.1,GCF_028640715.1,0.05492730210016155
GCF_011801475.1,GCF_004023395.2,0.05488942179589661
GCF_028891345.1,GCF_004016415.2,0.054801808991753125
GCF_055959275.1,GCF_032594455.1,0.05466666666666667
GCF_053901235.1,GCF_042243345.1,0.05457463884430177
GCF_055764455.1,GCF_042241145.1,0.05446211916958749
GCF_011801475.1,GCF_053901235.1,0.054419962835147336
GCF_053901285.1,GCF_001469345.1,0.0543190249072602
GCF_048564955.1,GCF_053901285.1,0.05422647527910686
GCF_028227635.1,GCF_055690575.1,0.0539307754225919
GCF_011801475.1,GCF_012974125.1,0.05384409322260916
GCF_055959555.1,GCF_021474225.1,0.053829673272629885
GCF_012974125.1,GCF_021474225.1,0.05382131324004306
GCF_011801475.1,GCF_021474225.1,0.053728949478749
GCF_014249995.1,GCF_042243345.1,0.05333690699544358
GCF_055766035.1,GCF_042241145.1,0.053109153989858555
GCF_021474225.1,GCF_042237735.1,0.052931596091205214
GCF_021459925.1,GCF_004016315.2,0.05281408375566818
GCF_028227635.1,GCF_021474225.1,0.052716082419052714
GCF_055959565.1,GCF_003515915.2,0.0525756771109931
GCF_011801475.1,GCF_015475955.1,0.052365762892078685
GCF_053901445.1,GCF_055959555.1,0.05232247730912974
GCF_021474225.1,GCF_028226975.1,0.052222817354043924
GCF_029962045.1,GCF_002117875.1,0.0520750726936294
GCF_012974125.1,GCF_028640715.1,0.05201387036543078
GCF_042237735.1,GCF_004016415.2,0.051821862348178135
GCF_004016315.2,GCF_055959565.1,0.051820356098857295
GCF_028227275.1,GCF_004023395.2,0.051131824234354195
GCF_011801475.1,GCF_012974105.1,0.05111228813559322
GCF_002954205.1,GCF_001469345.1,0.05081621906266456
GCF_021474225.1,GCF_032594455.1,0.050734312416555405
GCF_012974145.1,GCF_021474225.1,0.050720768820074744
GCF_032594475.1,GCF_042241145.1,0.050666666666666665
GCF_055959275.1,GCF_032594475.1,0.05045140732873075
GCF_004023395.2,GCF_021474225.1,0.05037313432835821
GCF_055959275.1,GCF_028226975.1,0.050265957446808514
GCF_011801475.1,GCF_042237735.1,0.050121261115602264
GCF_055766035.1,GCF_021474225.1,0.0500799147575919
GCF_028227275.1,GCF_021474225.1,0.049959925193694896
GCF_050157125.1,GCF_004016415.2,0.049933598937583
GCF_042239545.1,GCF_021474225.1,0.04986595174262735
GCF_021474225.1,GCF_042237065.1,0.0496492174851592
GCF_021474225.1,GCF_003515915.2,0.049441786283891544
GCF_055959565.1,GCF_032594455.1,0.048845234934961505
GCF_028227635.1,GCF_004016415.2,0.04883227176220807
GCF_014249995.1,GCF_021474225.1,0.04868316041500399
GCF_004016315.2,GCF_048564955.1,0.04867724867724868
GCF_004016415.2,GCF_053901235.1,0.048574445617740235
GCF_011801475.1,GCF_042243345.1,0.04855923159018143
GCF_001469345.1,GCF_001456295.2,0.04806934594168637
GCF_012974125.1,GCF_004016415.2,0.04739084132055378
GCF_042243345.1,GCF_028640715.1,0.04731525784157363
GCF_055959275.1,GCF_021474225.1,0.046986992301566236
GCF_004016315.2,GCF_042237735.1,0.046736502820306204
GCF_004016315.2,GCF_053901285.1,0.04648705758055996
GCF_004016315.2,GCF_032594455.1,0.0463208046585495
GCF_011801475.1,GCF_055959565.1,0.04625958234205657
GCF_042238405.1,GCF_021474225.1,0.04624899166442592
GCF_011801475.1,GCF_055959275.1,0.04593453009503696
GCF_042239055.1,GCF_021474225.1,0.04585679806918745
GCF_021474225.1,GCF_055690575.1,0.045636509207365894
GCF_004016415.2,GCF_003515915.2,0.04561033482731347
GCF_042241145.1,GCF_015475955.1,0.04558706599522926
GCF_004016315.2,GCF_053901235.1,0.04553829955251382
GCF_055959555.1,GCF_053901285.1,0.045466560930478454
GCF_029962045.1,GCF_004016415.2,0.045310853530031614
GCF_021474225.1,GCF_053901235.1,0.04520222045995242
GCF_004016315.2,GCF_042238405.1,0.04518716577540107
GCF_004016315.2,GCF_042239545.1,0.04516471838469713
GCF_042239545.1,GCF_004016415.2,0.04516471838469713
GCF_004016315.2,GCF_055959275.1,0.04510683197045635
GCF_053901445.1,GCF_004016415.2,0.0449854458851548
GCF_004016315.2,GCF_032594475.1,0.04492600422832981
GCF_053901285.1,GCF_055690575.1,0.04483947996816132
GCF_021474225.1,GCF_015475955.1,0.04480381760339343
GCF_021474225.1,GCF_042243345.1,0.04459279038718291
GCF_055766035.1,GCF_004016415.2,0.04430379746835443
GCF_042239055.1,GCF_028640715.1,0.044125465178096755
GCF_011801475.1,GCF_042239545.1,0.0440552016985138
GCF_004016315.2,GCF_042239055.1,0.04396482813749001
GCF_004016315.2,GCF_012974125.1,0.04377819050145927
GCF_055959565.1,GCF_053901285.1,0.043753294675803904
GCF_004016315.2,GCF_029962065.1,0.0436612309310889
GCF_055959565.1,GCF_021474225.1,0.04343220338983051
GCF_011801475.1,GCF_055690575.1,0.04320169626292075
GCF_055959565.1,GCF_001456195.2,0.04314654038410944
GCF_011801475.1,GCF_055959555.1,0.042457805907173
GCF_004016315.2,GCF_012974145.1,0.04244661218033219
GCF_053901285.1,GCF_042243345.1,0.042417815482502653
GCF_004016415.2,GCF_055690575.1,0.0423728813559322
GCF_011801475.1,GCF_042237065.1,0.042133333333333335
GCF_042238405.1,GCF_004016415.2,0.04212210077312717
GCF_004016415.2,GCF_015475955.1,0.042116346406949196
GCF_055959555.1,GCF_001456295.2,0.04203888596952181
GCF_055766035.1,GCF_004016315.2,0.041831097079715863
GCF_001456195.2,GCF_042243345.1,0.0418100026462027
GCF_011801475.1,GCF_002954205.1,0.04167758846657929
GCF_029962065.1,GCF_021474225.1,0.041666666666666664
GCF_012974105.1,GCF_021474225.1,0.04165568151858687
GCF_028891345.1,GCF_002117875.1,0.04137208693375229
GCF_004016415.2,GCF_042243345.1,0.04133545310015898
GCF_053901445.1,GCF_021474225.1,0.04132450331125828
GCF_004016315.2,GCF_042237065.1,0.04130029309885425
GCF_029962065.1,GCF_001469345.1,0.04128560229945127
GCF_021474225.1,GCF_032594475.1,0.04126984126984127
GCF_004016315.2,GCF_042243345.1,0.04105960264900662
GCF_004016315.2,GCF_055959555.1,0.040810953133228016
GCF_042241145.1,GCF_028640715.1,0.040778742436201
GCF_004016315.2,GCF_055764455.1,0.04001059883412825
GCF_002954205.1,GCF_042243345.1,0.039810176641181125
GCF_004016315.2,GCF_002117875.1,0.039790575916230364
GCF_012974145.1,GCF_028640715.1,0.03960136375557304
GCF_021474225.1,GCF_048564955.1,0.03951527924130664
GCF_029962045.1,GCF_021474225.1,0.039473684210526314
GCF_055959275.1,GCF_029962025.1,0.03942181340341656
GCF_029962045.1,GCF_001469345.1,0.03938445487741262
GCF_004023395.2,GCF_001456295.2,0.03924646781789639
GCF_001456295.2,GCF_055690575.1,0.03921052631578947
GCF_011801475.1,GCF_053901285.1,0.03907684238132704
GCF_004016315.2,GCF_028640715.1,0.03899502747971735
GCF_002954205.1,GCF_028640715.1,0.03885267275097783
GCF_011801475.1,GCF_042238405.1,0.038798830720170076
GCF_055959275.1,GCF_053901285.1,0.03878406708595388
GCF_055959555.1,GCF_002954205.1,0.03875360041895784
GCF_055959275.1,GCF_001456195.2,0.038733315885893745
GCF_011801475.1,GCF_002117875.1,0.038702928870292884
GCF_004016415.2,GCF_028640715.1,0.038451477896939576
GCF_055959275.1,GCF_001456295.2,0.0384012539184953
GCF_004016415.2,GCF_048564955.1,0.03823991618648507
GCF_002117875.1,GCF_028640715.1,0.038060479666319084
GCF_002117875.1,GCF_053901235.1,0.03804064616988015
GCF_004023395.2,GCF_001456195.2,0.037948181104422926
GCF_011801475.1,GCF_029962025.1,0.03780519821475453
GCF_028891345.1,GCF_053901285.1,0.03766675385822652
GCF_053901445.1,GCF_001469345.1,0.037405179178655504
GCF_004016315.2,GCF_029962045.1,0.03738562091503268
GCF_029962025.1,GCF_042237735.1,0.037333333333333336
GCF_004016315.2,GCF_004023395.2,0.037201991092481006
GCF_002117875.1,GCF_001469345.1,0.03718148725949038
GCF_055766035.1,GCF_001456295.2,0.037066040198381625
GCF_004016315.2,GCF_029962025.1,0.03698845750262329
GCF_029962045.1,GCF_042241145.1,0.03697875688434304
GCF_012974125.1,GCF_053901285.1,0.0368809272918862
GCF_002954205.1,GCF_055690575.1,0.03674540682414698
GCF_029962025.1,GCF_004023395.2,0.03672612801678909
GCF_055959555.1,GCF_001456195.2,0.03664921465968586
GCF_029962065.1,GCF_004016415.2,0.03657262277951933
GCF_004023395.2,GCF_002117875.1,0.036543983294179065
GCF_001456295.2,GCF_042243345.1,0.036540483701366984
GCF_042238405.1,GCF_001456195.2,0.036527263102170464
GCF_004016315.2,GCF_001456295.2,0.036524915210018265
GCF_055959275.1,GCF_002117875.1,0.036515388628064686
GCF_002117875.1,GCF_003515915.2,0.03647733194372069
GCF_055959565.1,GCF_029962025.1,0.036463798530954876
GCF_001469345.1,GCF_003515915.2,0.03642987249544627
GCF_021474225.1,GCF_001456295.2,0.03642557651991614
GCF_053901235.1,GCF_001456295.2,0.036410923276983094
GCF_004023395.2,GCF_004016415.2,0.03638743455497382
GCF_021459925.1,GCF_002954205.1,0.03636839351125065
GCF_029962045.1,GCF_055959555.1,0.03636839351125065
GCF_055959565.1,GCF_001456295.2,0.03627348643006263
GCF_001456195.2,GCF_055690575.1,0.03626806833114323
GCF_048564955.1,GCF_042241145.1,0.03620146904512067
GCF_042237735.1,GCF_053901285.1,0.03614137656125432
GCF_029962025.1,GCF_021474225.1,0.03607161664033702
GCF_055959555.1,GCF_029962025.1,0.035967445523759516
GCF_004016315.2,GCF_015475955.1,0.0358451072736787
GCF_014249995.1,GCF_004016315.2,0.0358357311012294
GCF_002954205.1,GCF_042241145.1,0.0358357311012294
GCF_014249995.1,GCF_028640715.1,0.03574223845551787
GCF_011801475.1,GCF_001456295.2,0.03571428571428571
GCF_042239545.1,GCF_028640715.1,0.03571428571428571
GCF_012974125.1,GCF_002117875.1,0.03569553805774278
GCF_041053125.1,GCF_001469345.1,0.035686376660588694
GCF_053901235.1,GCF_028640715.1,0.03563068920676203
GCF_055959555.1,GCF_028640715.1,0.035536974131173245
GCF_004016315.2,GCF_002954205.1,0.03543512245961438
GCF_055959275.1,GCF_002954205.1,0.035416666666666666
GCF_021459925.1,GCF_004016415.2,0.03541448058761805
GCF_012974105.1,GCF_004016415.2,0.035211267605633804
GCF_055764455.1,GCF_001469345.1,0.0351890756302521
GCF_055959565.1,GCF_002954205.1,0.035183737294761534
GCF_042237735.1,GCF_001469345.1,0.035175879396984924
GCF_011801475.1,GCF_042241145.1,0.03515215110178384
GCF_055690575.1,GCF_028640715.1,0.03515215110178384
GCF_042239545.1,GCF_002954205.1,0.03513371788148925
GCF_001469345.1,GCF_053901235.1,0.03502854177477945
GCF_028226975.1,GCF_001456295.2,0.035023523261892314
GCF_042239545.1,GCF_053901285.1,0.03497239021824875
GCF_004023395.2,GCF_002954205.1,0.03490492315707215
GCF_042239545.1,GCF_001469345.1,0.03483499214248297
GCF_042237065.1,GCF_001469345.1,0.03480094911679409
GCF_004023395.2,GCF_053901285.1,0.03474399164054336
GCF_055959275.1,GCF_004016415.2,0.03473491773308958
GCF_021459925.1,GCF_001469345.1,0.03471678412947011
GCF_029962045.1,GCF_055959565.1,0.03469866944951735
GCF_053901285.1,GCF_028640715.1,0.03464443865589997
GCF_012974125.1,GCF_001469345.1,0.03456402199528672
GCF_029962065.1,GCF_042241145.1,0.03453689167974882
GCF_011801475.1,GCF_028640715.1,0.034392912975508075
GCF_014249995.1,GCF_001469345.1,0.034330299089726915
GCF_001456295.2,GCF_003515915.2,0.03431245126072264
GCF_011801475.1,GCF_028891345.1,0.0341679707876891
GCF_055959555.1,GCF_002117875.1,0.0341679707876891
GCF_001456195.2,GCF_028640715.1,0.03406136245449818
GCF_028891345.1,GCF_001469345.1,0.03401713840560893
GCF_012974145.1,GCF_004016415.2,0.03399581589958159
GCF_011801475.1,GCF_048564955.1,0.03390714658320292
GCF_021474225.1,GCF_041053125.1,0.0338405036726128
GCF_014249995.1,GCF_002117875.1,0.0338365434669443
GCF_055764455.1,GCF_053901285.1,0.033693077125559356
GCF_055959565.1,GCF_048564955.1,0.03365510044351683
GCF_002954205.1,GCF_032594455.1,0.03361125586242835
GCF_042238405.1,GCF_053901285.1,0.033562367864693445
GCF_042239055.1,GCF_004016415.2,0.03350039567396465
GCF_011801475.1,GCF_001469345.1,0.03325539101065212
GCF_002954205.1,GCF_003515915.2,0.033229491173416406
GCF_021474225.1,GCF_028640715.1,0.03320261437908497
GCF_012974145.1,GCF_001456195.2,0.03312467396974439
GCF_029962045.1,GCF_042243345.1,0.03305351521511018
GCF_055959565.1,GCF_002117875.1,0.03304709862086911
GCF_014249995.1,GCF_001456295.2,0.033021320852834116
GCF_053901285.1,GCF_042241145.1,0.03296703296703297
GCF_021474225.1,GCF_001456195.2,0.03295840962594821
GCF_001469345.1,GCF_028640715.1,0.03290155440414508
GCF_042239545.1,GCF_001456195.2,0.03275681341719078
GCF_001469345.1,GCF_015475955.1,0.03272727272727273
GCF_029962025.1,GCF_012974105.1,0.032577534532186606
GCF_029962065.1,GCF_028640715.1,0.03244225279003374
GCF_032594475.1,GCF_041053125.1,0.03238443457821886
GCF_012974105.1,GCF_001469345.1,0.03237503237503238
GCF_032594455.1,GCF_001456295.2,0.032274856845393024
GCF_012974145.1,GCF_002954205.1,0.03225806451612903
GCF_055959275.1,GCF_029962065.1,0.03224128965158606
GCF_029962025.1,GCF_001469345.1,0.03224128965158606
GCF_032594475.1,GCF_001469345.1,0.03223290876007279
GCF_042237735.1,GCF_001456295.2,0.032206969376979935
GCF_028891345.1,GCF_002954205.1,0.032166018158236054
GCF_001456195.2,GCF_053901235.1,0.032166018158236054
GCF_028227275.1,GCF_053901285.1,0.03214005748628168
GCF_042241145.1,GCF_001456295.2,0.032064650677789366
GCF_021459925.1,GCF_001456295.2,0.03205629397967162
GCF_028227275.1,GCF_002117875.1,0.03205629397967162
GCF_032594475.1,GCF_001456295.2,0.03199791883454735
GCF_004016315.2,GCF_055690575.1,0.03198741478762454
GCF_048564955.1,GCF_028640715.1,0.03193975590755648
GCF_004016415.2,GCF_001469345.1,0.031914893617021274
GCF_029962025.1,GCF_015475955.1,0.03185378590078329
GCF_014249995.1,GCF_029962025.1,0.03184547115635604
GCF_042238405.1,GCF_002954205.1,0.031825355076275645
GCF_050157125.1,GCF_048564955.1,0.031812255541069104
GCF_029962025.1,GCF_055690575.1,0.03177521008403361
GCF_042239055.1,GCF_002954205.1,0.031750196798740485
GCF_012974145.1,GCF_002117875.1,0.03173777315296566
GCF_028891345.1,GCF_001456295.2,0.03163900414937759
GCF_042239545.1,GCF_002117875.1,0.031633986928104575
GCF_012974125.1,GCF_002954205.1,0.031617454925529136
GCF_055959565.1,GCF_004016415.2,0.03153505342715663
GCF_053901445.1,GCF_028640715.1,0.03152683689421574
GCF_004023395.2,GCF_048564955.1,0.031494013534617386
GCF_011801475.1,GCF_001456195.2,0.031461258450338016
GCF_032594455.1,GCF_053901285.1,0.03129074315514994
GCF_055959555.1,GCF_048564955.1,0.03127443315089914
GCF_055959555.1,GCF_029962065.1,0.031241864097891175
GCF_050157125.1,GCF_002954205.1,0.031193137509747854
GCF_002954205.1,GCF_032594475.1,0.031185031185031187
GCF_004016415.2,GCF_001456295.2,0.03114456267843239
GCF_053901445.1,GCF_048564955.1,0.03103808033385498
GCF_021474225.1,GCF_001469345.1,0.030989583333333334
GCF_012974105.1,GCF_001456295.2,0.030805073776857365
GCF_042239055.1,GCF_041053125.1,0.030789473684210526
GCF_042239055.1,GCF_053901285.1,0.030765185379963186
GCF_050157125.1,GCF_001456195.2,0.03071317022384175
GCF_004016415.2,GCF_001456195.2,0.03065731358794492
GCF_004016315.2,GCF_012974105.1,0.030641391846273694
GCF_029962045.1,GCF_055959275.1,0.03063343717549325
GCF_029962065.1,GCF_042243345.1,0.030620256477361947
GCF_002954205.1,GCF_015475955.1,0.03060959792477302
GCF_014249995.1,GCF_002954205.1,0.030601659751037343
GCF_001456195.2,GCF_001469345.1,0.030522503879979308
GCF_002954205.1,GCF_042237065.1,0.03047819232790331
GCF_029962025.1,GCF_042243345.1,0.030470186498555294
GCF_029962025.1,GCF_028640715.1,0.030421216848673948
GCF_011801475.1,GCF_029962045.1,0.030381719034017138
GCF_004016315.2,GCF_001469345.1,0.030310880829015546
GCF_053901445.1,GCF_041053125.1,0.030271398747390398
GCF_012974105.1,GCF_002954205.1,0.030263838592860838
GCF_055959555.1,GCF_004016415.2,0.03023195204586917
GCF_028227635.1,GCF_001456195.2,0.030184751496226906
GCF_042239545.1,GCF_029962025.1,0.030167890870933894
GCF_042239055.1,GCF_002117875.1,0.03014416775884666
GCF_041053125.1,GCF_003515915.2,0.03013769810340348
GCF_055766035.1,GCF_001456195.2,0.03012204622176058
GCF_055959565.1,GCF_028640715.1,0.030114226375908618
GCF_015475955.1,GCF_028640715.1,0.03010641058915131
GCF_029962025.1,GCF_012974145.1,0.03001043841336117
GCF_002117875.1,GCF_055690575.1,0.030002608922515002
GCF_001456295.2,GCF_028640715.1,0.029997414016033102
GCF_028227635.1,GCF_001456295.2,0.02987012987012987
GCF_050157125.1,GCF_001456295.2,0.029862373409504026
GCF_014249995.1,GCF_001456195.2,0.029854620976116304
GCF_001456295.2,GCF_015475955.1,0.029815919108115114
GCF_042239055.1,GCF_029962025.1,0.02975250131648236
GCF_002954205.1,GCF_053901235.1,0.02970808576595195
GCF_028227275.1,GCF_001456295.2,0.029633480634260464
GCF_014249995.1,GCF_053901285.1,0.029625779625779627
GCF_042239055.1,GCF_001456295.2,0.02959664745940283
GCF_002117875.1,GCF_004016415.2,0.029548989113530325
GCF_012974125.1,GCF_048564955.1,0.02954248366013072
GCF_002954205.1,GCF_004016415.2,0.029533678756476684
GCF_028227275.1,GCF_029962025.1,0.029519331243469175
GCF_042238405.1,GCF_041053125.1,0.029504741833508957
GCF_001456195.2,GCF_032594455.1,0.02937353782167923
GCF_053901445.1,GCF_001456295.2,0.029358274876591324
GCF_050157125.1,GCF_028640715.1,0.02935064935064935
GCF_050157125.1,GCF_002117875.1,0.02933541017653167
GCF_012974105.1,GCF_001456195.2,0.029251876779704894
GCF_053901445.1,GCF_053901285.1,0.02917426413128419
GCF_028227275.1,GCF_001456195.2,0.029143897996357013
GCF_004016415.2,GCF_053901285.1,0.02909090909090909
GCF_028891345.1,GCF_041053125.1,0.029075804776739357
GCF_002117875.1,GCF_032594455.1,0.02906825849987023
GCF_028227635.1,GCF_002954205.1,0.029060716139076286
GCF_050157125.1,GCF_001469345.1,0.029030585795749093
GCF_055959275.1,GCF_028640715.1,0.029015544041450778
GCF_002117875.1,GCF_042243345.1,0.028974158183241974
GCF_055959275.1,GCF_001469345.1,0.028963020429273338
GCF_042238405.1,GCF_001456295.2,0.028856243441762856
GCF_012974145.1,GCF_048564955.1,0.028853652196516765
GCF_002117875.1,GCF_028226975.1,0.028846153846153848
GCF_053901445.1,GCF_002117875.1,0.028831168831168832
GCF_029962025.1,GCF_012974125.1,0.02881844380403458
GCF_028227635.1,GCF_002117875.1,0.02880872047754996
GCF_029962025.1,GCF_053901235.1,0.028801245459263103
GCF_004016315.2,GCF_001456195.2,0.028786307053941907
GCF_032594455.1,GCF_001469345.1,0.02876392847888054
GCF_012974105.1,GCF_053901285.1,0.028756476683937823
GCF_042237065.1,GCF_001456195.2,0.02863899106673673
GCF_029962065.1,GCF_032594455.1,0.02856400934822124
GCF_028226975.1,GCF_001469345.1,0.028541774779449924
GCF_055959565.1,GCF_029962065.1,0.028526970954356846
GCF_011801475.1,GCF_029962065.1,0.02851218247796786
GCF_042237735.1,GCF_041053125.1,0.028511087645195353
GCF_041053125.1,GCF_053901235.1,0.02849002849002849
GCF_053901285.1,GCF_053901235.1,0.028467908902691512
GCF_029962045.1,GCF_028640715.1,0.02843846949327818
GCF_042238405.1,GCF_002117875.1,0.02832415420928403
GCF_028891345.1,GCF_029962025.1,0.028319043907508445
GCF_055959275.1,GCF_048564955.1,0.028260305937256935
GCF_028227635.1,GCF_001469345.1,0.028238341968911916
GCF_042237065.1,GCF_041053125.1,0.028157894736842104
GCF_032594455.1,GCF_041053125.1,0.02809573361082206
GCF_042239055.1,GCF_001456195.2,0.028025144054478784
GCF_048564955.1,GCF_055690575.1,0.027915470910513957
GCF_021474225.1,GCF_053901285.1,0.027886369559551732
GCF_021459925.1,GCF_053901285.1,0.027850078084331077
GCF_001456195.2,GCF_042241145.1,0.02782111284451378
GCF_042239055.1,GCF_048564955.1,0.027777777777777776
GCF_042239055.1,GCF_001469345.1,0.02768346826847741
GCF_029962025.1,GCF_042237065.1,0.027660695468914646
GCF_055766035.1,GCF_001469345.1,0.02764857881136951
GCF_042237735.1,GCF_001456195.2,0.027638852329560412
GCF_002117875.1,GCF_042237735.1,0.027602523659305992
GCF_029962025.1,GCF_032594475.1,0.027596979953137205
GCF_004016315.2,GCF_050157125.1,0.027553938133610605
GCF_029962025.1,GCF_055764455.1,0.02753737214791503
GCF_028227275.1,GCF_002954205.1,0.027489626556016597
GCF_048564955.1,GCF_003515915.2,0.027432712215320912
GCF_048564955.1,GCF_042243345.1,0.027422303473491772
GCF_029962025.1,GCF_028226975.1,0.027379400260756193
GCF_012974125.1,GCF_001456195.2,0.02737226277372263
GCF_042238405.1,GCF_001469345.1,0.027210884353741496
GCF_012974145.1,GCF_001469345.1,0.027159855147439214
GCF_002117875.1,GCF_015475955.1,0.027159855147439214
GCF_029962025.1,GCF_042241145.1,0.02711864406779661
GCF_002954205.1,GCF_042237735.1,0.027048319327731093
GCF_042237065.1,GCF_048564955.1,0.02704121816749803
GCF_032594475.1,GCF_053901285.1,0.02699896157840083
GCF_028227275.1,GCF_001469345.1,0.026936026936026935
GCF_029962045.1,GCF_004023395.2,0.026922081283976183
GCF_001456195.2,GCF_003515915.2,0.026880330834841044
GCF_042239545.1,GCF_029962045.1,0.026829903620734567
GCF_029962025.1,GCF_050157125.1,0.026801977621649754
GCF_029962025.1,GCF_004016415.2,0.026753246753246755
GCF_021459925.1,GCF_002117875.1,0.02671161825726141
GCF_004023395.2,GCF_029962065.1,0.02665631469979296
GCF_028226975.1,GCF_053901285.1,0.026514166883285676
GCF_053901285.1,GCF_015475955.1,0.02643171806167401
GCF_042239545.1,GCF_041053125.1,0.026356993736951984
GCF_029962045.1,GCF_012974105.1,0.02632258064516129
GCF_042237065.1,GCF_053901285.1,0.026246719160104987
GCF_004016415.2,GCF_041053125.1,0.026179367547952307
GCF_055764455.1,GCF_002117875.1,0.026062027625749284
GCF_055764455.1,GCF_002954205.1,0.026048450117218024
GCF_041053125.1,GCF_042241145.1,0.02600780234070221
GCF_028227275.1,GCF_048564955.1,0.02596053997923157
GCF_041053125.1,GCF_028640715.1,0.025846471956577927
GCF_048564955.1,GCF_053901235.1,0.025799793601651185
GCF_012974105.1,GCF_002117875.1,0.02576655501159495
GCF_029962025.1,GCF_042238405.1,0.02576235541535226
GCF_012974145.1,GCF_041053125.1,0.02568759730150493
GCF_002117875.1,GCF_042241145.1,0.025654314589271834
GCF_012974145.1,GCF_001456295.2,0.02559462254395036
GCF_053901285.1,GCF_003515915.2,0.02558800723701215
GCF_029962045.1,GCF_055764455.1,0.025554106910039114
GCF_055766035.1,GCF_002954205.1,0.025548387096774195
GCF_029962025.1,GCF_032594455.1,0.02546777546777547
GCF_021459925.1,GCF_001456195.2,0.0254149377593361
GCF_028891345.1,GCF_028640715.1,0.02527727624451896
GCF_029962045.1,GCF_012974125.1,0.025227568270481143
GCF_029962065.1,GCF_055690575.1,0.025214452820379516
GCF_012974125.1,GCF_001456295.2,0.025194805194805193
GCF_050157125.1,GCF_041053125.1,0.0251621271076524
GCF_048564955.1,GCF_032594455.1,0.025129533678756477
GCF_029962045.1,GCF_032594455.1,0.02510351966873706
GCF_055766035.1,GCF_029962065.1,0.025058124515629037
GCF_028891345.1,GCF_048564955.1,0.025051652892561983
GCF_055959565.1,GCF_001469345.1,0.025012893243940175
GCF_042239545.1,GCF_001456295.2,0.02492858997662945
GCF_021474225.1,GCF_002954205.1,0.024870466321243522
GCF_014249995.1,GCF_041053125.1,0.024851151954439554
GCF_029962025.1,GCF_003515915.2,0.024851151954439554
GCF_042237735.1,GCF_028640715.1,0.024652504589562026
GCF_055959555.1,GCF_041053125.1,0.024630541871921183
GCF_042238405.1,GCF_048564955.1,0.02461377323906782
GCF_055766035.1,GCF_041053125.1,0.02458592132505176
GCF_055766035.1,GCF_002117875.1,0.024503482073768377
GCF_028891345.1,GCF_001456195.2,0.024503482073768377
GCF_021459925.1,GCF_041053125.1,0.024402907580477674
GCF_055766035.1,GCF_029962025.1,0.024358642135268203
GCF_028227275.1,GCF_029962045.1,0.024339720352149145
GCF_055766035.1,GCF_053901285.1,0.024301964839710446
GCF_053901445.1,GCF_002954205.1,0.02429568363918325
GCF_032594475.1,GCF_028640715.1,0.02428940568475452
GCF_002117875.1,GCF_032594475.1,0.02427685950413223
GCF_004023395.2,GCF_001469345.1,0.024214322514167955
GCF_021459925.1,GCF_029962025.1,0.024174681570054587
GCF_041053125.1,GCF_028226975.1,0.0241370360757851
GCF_055959275.1,GCF_041053125.1,0.024043433298862462
GCF_002954205.1,GCF_028226975.1,0.024043433298862462
GCF_042237065.1,GCF_001456295.2,0.024027161138678504
GCF_012974105.1,GCF_041053125.1,0.024
GCF_012974125.1,GCF_041053125.1,0.023952095808383235
GCF_055959555.1,GCF_001469345.1,0.02372356884992264
GCF_028227275.1,GCF_041053125.1,0.023599585062240663
GCF_021459925.1,GCF_028640715.1,0.02353854112778065
GCF_055959565.1,GCF_041053125.1,0.02353854112778065
GCF_055764455.1,GCF_028640715.1,0.02340702210663199
GCF_042239545.1,GCF_048564955.1,0.02338877338877339
GCF_001456195.2,GCF_032594475.1,0.02324980625161457
GCF_028227635.1,GCF_028640715.1,0.02324380165289256
GCF_029962045.1,GCF_032594475.1,0.02324380165289256
GCF_012974105.1,GCF_048564955.1,0.023177955189286635
GCF_028227635.1,GCF_053901285.1,0.023027166882276844
GCF_021474225.1,GCF_002117875.1,0.023027166882276844
GCF_012974145.1,GCF_053901285.1,0.023015257305404706
GCF_041053125.1,GCF_015475955.1,0.023003360041354354
GCF_048564955.1,GCF_015475955.1,0.022973670624677336
GCF_001456195.2,GCF_015475955.1,0.022955893732267217
GCF_029962065.1,GCF_042237065.1,0.022721337163750327
GCF_029962045.1,GCF_012974145.1,0.022715539494062985
GCF_001469345.1,GCF_042241145.1,0.02270967741935484
GCF_042239545.1,GCF_029962065.1,0.022568093385214007
GCF_050157125.1,GCF_053901285.1,0.02249224405377456
GCF_014249995.1,GCF_048564955.1,0.02244003095176683
GCF_055766035.1,GCF_028640715.1,0.02240535668297708
GCF_029962045.1,GCF_053901235.1,0.02234780375032109
GCF_028227635.1,GCF_029962025.1,0.0222855662088624
GCF_028227275.1,GCF_029962065.1,0.022222222222222223
GCF_053901445.1,GCF_001456195.2,0.022222222222222223
GCF_029962065.1,GCF_032594475.1,0.02218782249742002
GCF_042237735.1,GCF_048564955.1,0.02200681163217186
GCF_055766035.1,GCF_048564955.1,0.02191286414024233
GCF_014249995.1,GCF_029962045.1,0.021890291012104043
GCF_029962065.1,GCF_015475955.1,0.021632758176667526
GCF_055764455.1,GCF_048564955.1,0.02158086323452938
GCF_021459925.1,GCF_048564955.1,0.021458117890382628
GCF_021459925.1,GCF_029962045.1,0.021435950413223142
GCF_004023395.2,GCF_041053125.1,0.021419354838709676
GCF_029962045.1,GCF_055690575.1,0.021232522009321596
GCF_028227635.1,GCF_041053125.1,0.0211941070043939
GCF_048564955.1,GCF_032594475.1,0.021155830753353973
GCF_041053125.1,GCF_042243345.1,0.02104989604989605
GCF_029962045.1,GCF_015475955.1,0.020844055584148223
GCF_002117875.1,GCF_042237065.1,0.020833333333333332
GCF_055764455.1,GCF_041053125.1,0.02081165452653486
GCF_048564955.1,GCF_028226975.1,0.02066649444587962
GCF_029962065.1,GCF_041053125.1,0.02058142526369951
GCF_028891345.1,GCF_029962065.1,0.020549704597996404
GCF_055764455.1,GCF_001456195.2,0.020503503763301324
GCF_028227275.1,GCF_028640715.1,0.02036607373034287
GCF_032594455.1,GCF_028640715.1,0.020339855818743563
GCF_029962045.1,GCF_042238405.1,0.02031779109143006
GCF_042238405.1,GCF_029962065.1,0.02031779109143006
GCF_028891345.1,GCF_029962045.1,0.020287621982537238
GCF_029962065.1,GCF_003515915.2,0.020282413350449294
GCF_003515915.2,GCF_028640715.1,0.02027200410572235
GCF_029962045.1,GCF_028226975.1,0.02011864843951509
GCF_029962045.1,GCF_042237065.1,0.02005730659025788
GCF_029962045.1,GCF_041053125.1,0.020056569812291078
GCF_041053125.1,GCF_055690575.1,0.0199585277345775
GCF_028227635.1,GCF_048564955.1,0.019850476927043052
GCF_004016315.2,GCF_041053125.1,0.01983513652756311
GCF_050157125.1,GCF_029962065.1,0.019824922760041195
GCF_029962065.1,GCF_053901235.1,0.01972841404048168
GCF_001469345.1,GCF_042243345.1,0.019633169723585638
GCF_001469345.1,GCF_055690575.1,0.0196027856590147
GCF_029962045.1,GCF_042237735.1,0.0195822454308094
GCF_014249995.1,GCF_029962065.1,0.019527235354573486
GCF_055766035.1,GCF_029962045.1,0.019527235354573486
GCF_042239055.1,GCF_029962045.1,0.019475460919241756
GCF_001456195.2,GCF_028226975.1,0.019334880123743233
GCF_028226975.1,GCF_028640715.1,0.019319938176197836
GCF_029962065.1,GCF_012974105.1,0.01922091235263967
GCF_053901445.1,GCF_029962025.1,0.018867924528301886
GCF_012974145.1,GCF_029962065.1,0.018508997429305913
GCF_053901445.1,GCF_029962065.1,0.018008747105737074
GCF_029962045.1,GCF_003515915.2,0.017930327868852458
GCF_028227635.1,GCF_029962045.1,0.017733230531996914
GCF_021459925.1,GCF_029962065.1,0.017232510288065845
GCF_053901445.1,GCF_029962045.1,0.017223650385604115
GCF_011801475.1,GCF_041053125.1,0.016692347200821776
GCF_012974105.1,GCF_028640715.1,0.01660705160960654
GCF_055764455.1,GCF_001456295.2,0.016520392359318535
GCF_055764455.1,GCF_029962065.1,0.01627906976744186
GCF_028227635.1,GCF_029962065.1,0.016166281755196306
GCF_029962045.1,GCF_050157125.1,0.01616213442791175
GCF_012974125.1,GCF_029962065.1,0.015455950540958269
GCF_042239055.1,GCF_029962065.1,0.014732489015249418
GCF_029962065.1,GCF_028226975.1,0.01384260446039477
GCF_029962065.1,GCF_042237735.1,0.01297016861219196
GCF_001456195.2,GCF_041053125.1,0.010960999235279123
GCF_048564955.1,GCF_041053125.1,0.008396946564885497
GCF_041053125.1,GCF_053901285.1,0.007119247393846936
GCF_041053125.1,GCF_001456295.2,0.007099391480730223
GCF_029962025.1,GCF_041053125.1,0.002791169753869576
GCF_002117875.1,GCF_041053125.1,0.002777777777777778
GCF_002954205.1,GCF_041053125.1,0.0012600806451612903
